text,topic,label
"Inside Ford's new world headquarters: Scratch kitchens, rotisserie chickens and design secrets",Business,real
The government shutdown is over. The air traffic controller shortage is not,Business,real
"Trump cuts tariffs on goods like coffee, bananas and beef in bid to slash consumer prices",Business,real
Walmart shares are up 312% during outgoing CEO Doug McMillon's tenure. Here's how that compares to its rivals,Business,real
JPMorgan Chase wins fight with fintech firms over fees to access customer data,Business,real
Walmart CEO Doug McMillon to retire in January after nearly 12 years leading retailer,Business,real
"Fewer burritos, more bargains: Consumers flash holiday warning signs",Business,real
Billionaire families opt for buying sports teams over collecting art and cars,Business,real
D.R. Horton is tapping a startup‚Äôs AI zoning tool to build more homes,Business,real
Surveillance tech leads workers' comp claims to plummet at NYC construction sites,Business,real
"New foreclosures jump 20% in October, a sign of more distress in the housing market",Business,real
"Boeing defense workers approve new contract, ending more than 3-month strike",Business,real
Disney stock falls 7% as media giant posts mixed results,Business,real
MLS games head to Apple TV in 2026 as Season Pass subscription ends,Business,real
"Congressional hemp restrictions threaten $28 billion industry, sending companies scrambling",Business,real
Starbucks workers union launches strike in more than 40 cities on chain's key holiday sales day,Business,real
Sotheby's CEO sees 'very strong demand' ahead of $1.4 billion art auctions,Business,real
Verizon chairman Mark Bertolini says the board 'needed to act' to revive company,Business,real
This startup backed by Bezos and Benioff launched a trading platform for shares of rental homes,Business,real
From AI to ESG: Family offices expect heirs will take new path on investing,Business,real
Skims valued at $5 billion after new funding round as it accelerates store expansion,Business,real
"DOT freezes flight cuts as disruptions ease, shutdown ends",Business,real
"Toyota opens new U.S. battery plant, confirms $10 billion in new investments",Business,real
WNBA's Las Vegas Aces coach Becky Hammon says the league may need new leadership,Business,real
Shares of Swiss sneaker company On soar 20% as it raises guidance again,Business,real
Airlines warn flight cancellations will continue even after shutdown ends,Business,real
Real estate titan Barry Sternlicht says he will 'have to' drop employees in favor of AI,Business,real
Flight disruptions from shutdown pile up as Trump threatens air traffic controllers,Business,real
"Disney's newest cruise ship, the Destiny, is getting ready to set sail: Here's a peek inside",Business,real
More than 100 lawmakers push Starbucks to resume union negotiations,Business,real
How to Not Get Kidnapped for Your Bitcoin,Business,real
The Crypto Industry‚Äôs $28 Billion in ‚ÄòDirty Money‚Äô,Business,real
Trump Tariffs Push Japan‚Äôs Economy Into Contraction,Business,real
Matthew Belloni Is Yelling ‚ÄòIceberg!‚Äô on the Hollywood Titanic,Business,real
Pasta at Twice the Price? Some Italian Producers Face Huge U.S. Tariffs.,Business,real
They Got Low Mortgage Rates During the Pandemic. Now They Can‚Äôt Move.,Business,real
"Former Fed Official Violated Trading Rules, Disclosures Show",Business,real
"An Economist Asked, How Much Should We Spend to Avoid the A.I. Apocalypse?",Business,real
What‚Äôs the Most Elegant Way to Lie to My Co-workers?,Business,real
Is Your College Football Team Short of Cash? Sports Betting Can Help.,Business,real
Hochul Urged to Ban Horseshoe Crab Fishing,Business,real
Lil Luv Dog Launches Goop-Like Beauty Brand for Dogs,Business,real
Disney and YouTube TV End Blackout,Business,real
Trump Administration Lifts Some Food Tariffs in Effort to Ease Prices,Business,real
F.D.A. Sharply Limits Use of Drug Linked to Two Teen Deaths,Business,real
"Judge to Approve Purdue Pharma Bankruptcy, Releasing Billions for Opioid Plaintiffs",Business,real
Trump Administration Scraps Cash Payments for Delayed or Canceled Flights,Business,real
A Reopened Government Hasn‚Äôt Ended Delays to Economic Data,Business,real
RedBird Capital Withdraws Takeover Bid for UK‚Äôs Telegraph,Business,real
JPMorgan Had to Pay for Charlie Javice‚Äôs Legal Fees ‚Äî and Her Restaurant Bills,Business,real
What‚Äôs a Digital Passport and How Does It Work?,Business,real
Trump Turns to Affordability Message Amid Economic Frustration,Business,real
Switzerland Reaches Agreement With U.S. to Cut Tariff to 15%,Business,real
Stock Market Rally Is Dented as Signs of Worry Emerge,Business,real
How to Deal With Higher Home Heating Bills,Business,real
"Indigenous People Take the Stage at COP30 Climate Talks in Bel√©m, Brazil",Business,real
"Palantir, the Market‚Äôs Most Valuable Military Contractor, Doesn‚Äôt Make Bombs or Guns",Business,real
"Walmart CEO Doug McMillon to Retire, John Furner Named as Successor",Business,real
Apple‚Äôs iPhone Pocket by Issey Miyake Is Confusing by Design,Business,real
Anthropic Says Its A.I. Agents Aided Chinese Hacking,Business,real
Conservative Media Picks an Epstein Story Line and Sticks to It,Business,real
RFK Jr. Walks a Tightrope on Trump Deal for Obesity Drugs,Business,real
Why Hollywood‚Äôs Star-Studded Movies Are Failing at the Box Office,Business,real
Housing Official Who Attacked Democrats Invokes a Disputed Family Legacy,Business,real
Anthropic Says Chinese Hackers Used Its A.I. in Online Attack,Business,real
"Sharon Camp, Mother of the ‚ÄòPlan B‚Äô Contraceptive Pill, Dies at 81",Business,real
An Escape From India‚Äôs Air Pollution for Those Who Can Afford It,Business,real
"‚ÄòNo Closure, No Transparency‚Äô: Harassment Victims Seek Resolution",Business,real
"Trump Officials Prepare Tariff Exemptions, Seeking to Lower Food Prices",Business,real
"Jim Avila, Former ABC News Correspondent, Dies at 70",Business,real
Boeing Defense Workers Approve New Contract,Business,real
Netflix Is Bringing Video Games to Users‚Äô TVs,Business,real
The Global Climate Leadership Vacuum,Business,real
Starbucks Workers Are Striking at Dozens of Stores on ‚ÄòRed Cup Day‚Äô,Business,real
A War on Top Investor Advisers Is Growing,Business,real
Some South Korean Workers Return to Georgia Factory After U.S. Reissues Visas,Business,real
The Luxury Electric Vehicle Is in Trouble,Business,real
A BlackRock-Backed Roofing Conglomerate Goes Bust,Business,real
Man Accused of Running Southeast Asia Scam Compound Is Extradited to China,Business,real
Trump Administration Proposes a Drastic Cut in Housing Grants,Business,real
How TikTok came to rival eBay as a global online shopping destination,Business,real
"Here‚Äôs what‚Äôs going on with Trump‚Äôs tariffs, prices and the Supreme Court",Business,real
"Former Fed governor violated central bank‚Äôs trading rules, new disclosures show",Business,real
"The shutdown is over, but the nation‚Äôs aviation problems are not.",Business,real
"With estate planning, should all kids get an equal share?",Business,real
Don‚Äôt call it MSNBC. MS NOW takes on Trump‚Äôs Washington.,Business,real
Trump goes on defense over tariffs as prices on everyday items keep rising,Business,real
Wall Street Banks Prepare to Sell Billions of Dollars of X Loans,Business,real
Canada to Provide $720 Million to Canada Post to Avoid Insolvency at Mail Service,Business,real
Amazon Willing to Discuss Quebec Shutdown With Canadian Officials,Business,real
Target Drops DEI Goals and Ends Program to Boost Black Suppliers,Business,real
Energy & Utilities Roundup: Market Talk,Business,real
Basic Materials Roundup: Market Talk,Business,real
Auto & Transport Roundup: Market Talk,Business,real
Financial Services Roundup: Market Talk,Business,real
Novo Nordisk Shares Surge on New Obesity Drug Results,Business,real
EU Conditionally Approves International Paper's $7.16 Billion DS Smith Buy,Business,real
Google to Put Warnings on U.K. Businesses Using Fake Online Reviews,Business,real
Ericsson Shares Slump as Earnings Hit by Weakness Outside of Core Networks Business,Business,real
"Verizon Results Boosted by Higher Prices, Gain in Wireless Customers",Business,real
"If You Need to Escape a Wildfire in an EV, Here Is What to Know",Business,real
CaixaBank's CFO Sees Case for Dealmaking Among Europe's Banks,Business,real
Tesla to Recall Cars in China on Safety Concerns,Business,real
Korea Zinc Shares Rally After Adopting New Investor Protection Rules,Business,real
Burberry Sees Positive Signs as Turnaround Plan Continues,Business,real
Rolls-Royce Strikes Contract to Supply Nuclear Reactors for U.K. Submarines,Business,real
China's WeRide Wants to Build Global Robotaxi Empire,Business,real
Visa leans into AI-enabled payments and stablecoins to stay ahead of the game in Asia,Business,real
"Bessent says Trump‚Äôs $2,000 checks would need congressional vote",Business,real
The Coast Guard has seized a record amount of cocaine ‚Äî while Trump says interdiction has failed and is blowing up suspected drug boats,Business,real
"More groceries may benefit from tariff exemptions as the 2026 midterm elections get closer, analyst says",Business,real
The 2026 class of American Rhodes scholars includes 5 students at U.S. military academies,Business,real
The most advanced U.S. aircraft carrier arrives in the Caribbean as Trump adds to the growing fleet of warships near Venezuela,Business,real
"As voters demand affordability, Stanford economist argues for ‚Äòtemporary, targeted price controls‚Äô with supply-side reforms",Business,real
Dr. Oz says ‚Äòthere are discussions‚Äô on extending Affordable Care Act subsidies as Republicans scramble to address soaring healthcare costs,Business,real
"Ford‚Äôs first new headquarters in 70 years will have a showroom like a ‚ÄòJames Bond villain‚Äôs lair,‚Äô design chief says",Business,real
The sound of whistles: Chicago neighborhood leads the way in ICE resistance,Business,real
Indiana Republican called out by Trump on redistricting is swatted,Politics,real
Trump breaks with ‚Äòwacky‚Äô Marjorie Taylor Greene,Politics,real
Indiana redistricting push likely dead despite White House pressure,Politics,real
How to win back disillusioned voters | The Playbook Podcast,Politics,real
"Nevada Dems, GOP battle over ‚Äòno-tax-on-tips‚Äô",Politics,real
"Seth Moulton on the Epstein emails, Venezuela and the shutdown",Politics,real
The nation‚Äôs cartoonists on the week in politics,Politics,real
Both Nevada senators spurned their party. They were reading the room.,Politics,real
"Seth Moulton on his Senate bid, Venezuela and the Epstein files | The Conversation",Politics,real
The 9 most shocking revelations in the Epstein docs,Politics,real
"Rahm Emanuel, considering White House bid, urges Dems to move center on crime",Politics,real
Protesters and UN security clash at climate summit in Brazil,Politics,real
Maine Democrat drops Senate bid for battleground House run,Politics,real
Trump built a surprising voter coalition. One key piece just cracked.,Politics,real
Utah judge denies GOP-passed congressional map,Politics,real
Top Maryland Dems urge state lawmakers to join redistricting effort,Politics,real
‚ÄòComplete betrayal‚Äô: 2026 Democrats slam shutdown deal,Politics,real
Poll: Here‚Äôs how much Trump voters would pay in taxes to back his policies,Politics,real
Ted Cruz accuses GOP senators of being ‚Äòfrightened‚Äô to call out Tucker Carlson,Politics,real
The nation‚Äôs cartoonists on the week in politics,Politics,real
Pod Save America podcasters host CPAC ‚Äòfor the left‚Äô,Politics,real
Poll: Here‚Äôs who Democrats think is their leader,Politics,real
Free mofongo? Mamdani dazzles Democratic insiders in San Juan,Politics,real
Spanberger makes inroads with rural Republicans unhappy with Trump,Politics,real
Can a socialist mayor and Wall Street coexist? New York is about to find out.,Politics,real
Sherrill dismisses the Democratic bedwetters,Politics,real
Mikie Sherrill reacts to her election victory,Politics,real
Trump blames shutdown for GOP election losses,Politics,real
Democrats didn‚Äôt just rebound. They dominated.,Politics,real
"Affordability, affordability, affordability: Democrats‚Äô new winning formula",Politics,real
"Trump, in reversal, calls on House GOP to vote to release Epstein files",Politics,real
MSNBC officially rebrands to MS Now: What to know,Politics,real
FAA ending all flight reductions at major US airports,Politics,real
"Trump administration to withdraw some National Guard troops from Chicago, Portland: Reports",Politics,real
"Suozzi, Bacon pitch ACA subsidies extension: ‚ÄòIt will save people thousands and thousands of dollars‚Äô",Politics,real
Louisiana Republican says he‚Äôs ‚Äòvery concerned‚Äô about possible hepatitis B vaccine schedule change,Politics,real
Britt says Senate should ‚Äòtake a look‚Äô at $2K tariff checks,Politics,real
Sanders seeks to elevate progressive Senate candidates amid Democratic divide,Politics,real
Bessent: $2K tariff checks would go to ‚Äòworking families‚Äô,Politics,real
Murphy says Democrats made a ‚Äòmistake‚Äô by reopening government without ACA subsidies,Politics,real
US military kills 3 ‚Äònarco-terrorists‚Äô in Eastern Pacific as USS Gerald Ford arrives in Caribbean,Politics,real
Trump administration ‚Äòwilling to look at all options‚Äô on health care: Oz,Politics,real
Senators‚Äô¬†surveillance payday exposes flawed privacy laws,Politics,real
New York Jets cornerback Kris Boyd shot in Manhattan: Sources,Politics,real
Massie predicts a ‚Äòdeluge‚Äô of House Republicans will vote to release Epstein files,Politics,real
Johnson: Epstein push is Democrats‚Äô ‚Äòentire game plan‚Äô,Politics,real
Oz: Trump administration weighing ACA subsidies extension,Politics,real
"The government has reopened, but Congress must protect HIV funding for 2026",Politics,real
White House grapples with how to sell Trump agenda,Politics,real
"In a Congress full of millionaires, raising money becomes the job",Politics,real
Greene denies Trump told her not to run for Georgia governor,Politics,real
Khanna says Trump ‚Äòlosing his MAGA base‚Äô over Epstein files,Politics,real
Greene: Trump‚Äôs remarks ‚Äòput my life in danger‚Äô,Politics,real
We ban guns for marijuana but not for alcohol abuse ‚Äî that makes no sense,Politics,real
Kaine defends Schumer: ‚ÄòBeing the minority leader is tough‚Äô,Politics,real
"Live updates: Trump, Greene rift deepens ahead of House Epstein vote",Politics,real
US ramps up military presence near Venezuela,Politics,real
Changes are coming for tax filing season 2026: What to know,Politics,real
No pressure: How Isaacman could get the US back to the moon before China,Politics,real
Ken Burns‚Äô new series offers a chance to reflect on the contributions of John Adams,Politics,real
Trump issues new pardons for Jan. 6 rioters,Politics,real
Six-figure earners feel they‚Äôre in ‚Äòsurvival mode‚Äô: Poll,Politics,real
"Sorry, Republicans: ‚ÄòDemocratic socialist‚Äô is no longer a career-ender in US politics",Politics,real
Tariffs could cause prices of Italian-made pasta to surge,Politics,real
How the government shutdown hurt military personnel,Politics,real
"Canada loses its measles elimination status, and the US is close behind",Politics,real
Republicans clash over surprise phone records provision that could enrich senators,Politics,real
Majorities of Americans disapprove of ICE operates: Survey,Politics,real
Michelle Obama says US ‚Äònot ready for a woman‚Äô in the Oval Office,Politics,real
EXCLUSIVE: Becerra says investigators didn‚Äôt  inform him of full case against former staff,Politics,real
Border Patrol operations start in Charlotte,Politics,real
Maher trolls Trump after Epstein file dump: ‚ÄòI feel like I‚Äôve seen this movie four times‚Äô,Politics,real
"Dulles people movers ‚Äòslow, uncomfortable and occasionally dangerous‚Äô: Washington Post",Politics,real
"Trump muddles his populist message, worrying supporters",Politics,real
"Fetterman shares photo of face injuries after fall, hospitalization",Politics,real
Trump-Greene feud intensifies with new barbs,Politics,real
Sunday shows preview: Epstein files back in spotlight to Trump‚Äôs dismay; Shutdown impacts remain,Politics,real
Labubu movie in the works at Sony: reports,Politics,real
Tariffs cause shortage on holiday decor,Politics,real
Federal public defenders have gone without pay since July,Politics,real
Trump admin eyes moving convicted election clerk Tina Peters to federal custody,Politics,real
How Republicans can rescue the party and do something good for Americans,Politics,real
5 issues at the center of the Trump-Greene spat,Politics,real
Empire State of delusion ‚Äî rent controls and the illusion of affordability,Politics,real
"Man tied to indicted Milwaukee judge Hannah Dugan‚Äôs case deported, DHS says",Politics,real
Jen Psaki is right ‚Äî enough with the talking points,Politics,real
What‚Äôs next for the House as it returns from the shutdown fight,Politics,real
Social Security COLA: When will my benefits increase?,Politics,real
Senate Democrat: Trump in ‚Äòdaily panic mode‚Äô over Epstein files,Politics,real
Suspect accused of breaching Alina Habba‚Äôs office now in custody: ‚ÄòWe got him‚Äô,Politics,real
How Trump can prevent genocide in Sudan on his watch,Politics,real
Trump says ‚ÄòRINO‚Äô Greene ‚Äòbetrayed the entire Republican Party‚Äô,Politics,real
How to reverse the dumbing down of American higher ed,Politics,real
"The abundance agenda sounds like a political winner, but it isn‚Äôt",Politics,real
Greene calls for ‚Äòa new way forward‚Äô after Trump pulls support,Politics,real
Kinzinger pushes back on Greene‚Äôs recent GOP criticism: ‚ÄòShe really is a con artist‚Äô,Politics,real
New Jersey‚Äôs worker classification crackdown could have broad impact,Politics,real
Proposal could mean an additional $200 for Social Security recipients,Politics,real
Judge bars Trump from slashing funding for University of California,Politics,real
DOJ investigation into Berkeley‚Äôs Turning Point protest sends warning to other colleges,Politics,real
Democrats to aim shutdown fury at Senate primaries,Politics,real
Reid Hoffman responds to Trump‚Äôs Epstein investigation order: ‚ÄòAn obvious ploy‚Äô,Politics,real
Trump on MRI: ‚ÄòI have no idea what they analyzed‚Äô,Politics,real
"Disney, YouTubeTV reach deal to restore ABC, ESPN on streamer",Politics,real
Trump says he ‚Äòsort of made¬†up‚Äô¬†his mind on Venezuela,Politics,real
Trump says he will sue BBC for between $1B and $5B,Politics,real
Trump pulls endorsement of Greene amid growing rift,Politics,real
FAA eases flight cuts to 3 percent,Politics,real
40 percent of young women want to leave US permanently: Poll,Politics,real
Ex-CBP officer sentenced to 15 years in prison in drug trafficking scheme,Politics,real
Trump cuts tariffs on scores of products in bid to lower prices,Politics,real
Hegseth‚Äôs ‚ÄòSouthern Spear‚Äô operation to pummel ‚Äònarco-terrorists‚Äô: What to know,Politics,real
Mike Waltz paints Trump‚Äôs ‚ÄòBoard of Peace‚Äô as ‚Äòonly path to secure Gaza‚Äô without Hamas,Politics,real
Archives releases first batch of Amelia Earhart records pledged by Trump,Politics,real
Hemp industry battles to save THC products from ban: 5 things to know,Politics,real
Bipartisan group of senators calls for release of funding for low-income heating ‚Äòimmediately‚Äô,Politics,real
USDA head says ‚Äòeveryone‚Äô on SNAP will now have to reapply,Politics,real
Ghislaine Maxwell attorney says staffers at her prison fired after email leaked,Politics,real
"4 hemp THC products that could be banned by Congress: Gummies, vapes, drinks and creams",Politics,real
Tennessee Democrat suggests tearing down Trump ballroom if GOP loses in 2028,Politics,real
UFC fighter rejects White House cage match: ‚Äò‚ÄùHunger Games‚Äù type of f‚Äë‚Äë‚Äëing s‚Äë‚Äë‚Äë‚Äô,Politics,real
Former UVA president accuses DOJ of demanding his ouster under threat of funding cuts,Politics,real
Coast Guard spots Russian ship 15 miles off Hawaii,Politics,real
Bondi puts weight of SDNY behind Epstein investigation of Democrats,Politics,real
More than half of Americans oppose Caribbean strikes: Poll,Politics,real
"Indiana Senate GOP doesn‚Äôt have votes for redistricting, dealing blow to Trump",Politics,real
Trump border czar says Catholic Church ‚Äòwrong‚Äô on mass deportations,Politics,real
"Scarborough: Trump‚Äôs ‚Äòcoalition‚Äô ends when he exits ‚Äòscene,‚Äô like Reagan, Obama",Politics,real
National Institutes of Health staffer put on nondisciplinary leave after criticizing NIH politicization,Politics,real
Greene: Trump making ‚Äòhuge miscalculation‚Äô on Epstein,Politics,real
Trump calls on House Republicans to vote to release Epstein files: 'We have nothing to hide',Politics,real
Trump reveals Maduro 'would like to talk' as military options remain on the table for Venezuela,Politics,real
Marco Rubio says Nicol√°s Maduro‚Äôs Cartel de los Soles to be designated a terrorist organization,Politics,real
The Speaker‚Äôs Lobby: Happy New Year as shutdown showdown draws to a close,Politics,real
US forces kill 3 narco-terrorists in Eastern Pacific lethal strike operation targeting drug networks,Politics,real
Zelenskyy moves to 'clean up' Ukraine's energy sector as corruption scandal rocks leadership,Politics,real
Skies at stake: Inside the US-China race for air dominance,Politics,real
Michelle Obama says America 'not ready' for woman president: 'We saw in this past election',Politics,real
Laura Loomer teases Georgia move after President Trump says he wants Marjorie Taylor Greene primaried,Politics,real
Democratic Rep. Brad Sherman denies viewing pornography on flight after viral photos surface online,Politics,real
"Border czar Tom Homan slams Catholic Church, says a ‚Äòsecure border saves lives‚Äô",Politics,real
"Sen. Fetterman shares graphic photo after heart rhythm scare, says doctors ‚Äòput me back together‚Äô",Politics,real
"Indiana Senate Republicans reject Trump-backed redistricting push, decline to meet in December",Politics,real
"Trump issues fresh pardons for Jan 6 defendants, including woman accused of threatening FBI on social media",Politics,real
"Trump ends shutdown, faces backlash and makes surprise Epstein move amid chaotic week",Politics,real
"Trump gives ex-ally Greene new nickname after dropped endorsement, says she betrayed 'entire Republican Party'",Politics,real
"Leading Senate Democrat tells Fox News 'it's time ... for new leadership,' as Schumer faces growing pressure",Politics,real
Meet the socialist Mamdani-style mayor just elected to run West Coast's 5th largest city,Politics,real
Dems say base is 'rightfully' angry over their leaders caving to GOP during shutdown fight: 'Porch puppies',Politics,real
Setting the stage: What the 2025 elections signal for next year's midterm showdowns,Politics,real
FBI arrests suspect in attack on US Attorney Alina Habba's office,Politics,real
Socialist wave goes coast-to-coast as historic wins shake up the 2025 mayoral elections,Politics,real
EPA chief wraps national tour as critics slam deregulation agenda,Politics,real
Destiny or Dynasty: Inside the new class of political nepo babies vying for power,Politics,real
Trump administration stays silent as massive Ukraine corruption scandal rocks Zelenskyy's inner circle,Politics,real
How Kyrsten Sinema's decision makes Democrats' 2024 Senate map tighter,Politics,real
Meet the woman steering Biden's bipartisan winning streak on Capitol Hill,Politics,real
CNN Political Briefing,Politics,real
The Axe Files with David Axelrod,Politics,real
Margins of Error,Politics,real
The notable legal clouds that continue to hang over Donald Trump,Politics,real
The fine print of the Respect for Marriage Act,Politics,real
Everything you need to know about Biden's student loan forgiveness program,Politics,real
Politics of the Day,Politics,real
0% intro APR until 2024 is 100% insane,Politics,real
It's official: now avoid credit card interest into 2024,Politics,real
Experts: this is the best cash back card of 2022,Politics,real
Turn Your Rising Home Equity Into Cash You Can Use,Politics,real
Dream Big with a Home Equity Loan,Politics,real
Want Cash Out of Your Home? Here Are Your Best Options,Politics,real
Use the Right Card for Holiday Gifts (Save Hundreds on Interest),Politics,real
10 Cards Charging 0% Interest Until 2024,Politics,real
Get a $200 Cash Back Bonus on Holiday Gift Buying,Politics,real
Trump Administration Escalates Pressure on Venezuela,Politics,real
Trump Defends Tucker Carlson After Nick Fuentes Interview,Politics,real
Trump Says House Republicans Should Vote to Release Epstein Files,Politics,real
U.S. Airport Restrictions to End Monday,Politics,real
"Latest U.S. Strike on Boat in Pacific Kills 3, Southern Command Says",Politics,real
Marjorie Taylor Greene Backs Trump but Stands Firm on Epstein Files,Politics,real
Pentagon to Withdraw Some National Guard Troops From Chicago and Portland,Politics,real
Epstein Emails Reveal a Lost New York,Politics,real
Homeland Security Missions Falter Amid Focus on Deportations,Politics,real
How to Make Sense of Law Enforcement in the Streets,Politics,real
Trump Pardons Two for Crimes Related to Jan. 6,Politics,real
Gallego Pitches Demoralized Democrats on a Midterm Message,Politics,real
"After an Interview With a White Nationalist, Tucker Carlson Continues to Fracture the Right",Politics,real
Maps Show How Latinos Who Shifted Right in 2024 Snapped Back Left in 2025,Politics,real
Fired Scholars and Big Grants to Favored Projects: Inside Trump‚Äôs N.E.H.,Politics,real
"Donald Trump Ends Support for Marjorie Taylor Greene, Calls Her ‚ÄòWacky‚Äô",Politics,real
Two Officers Injured in a Crash While Protecting JD Vance‚Äôs Motorcade,Politics,real
Trump Says He No Longer Supports Marjorie Taylor Greene,Politics,real
Danish startup FlatPay joins the club of European fintech unicorns to track,Technology,real
Beloved SF cat‚Äôs death fuels Waymo criticism,Technology,real
"‚ÄòBuy Now, Pay Later‚Äô is expanding fast, and that should worry everyone",Technology,real
Are we nearing the end of Apple‚Äôs Tim Cook era?,Technology,real
Amazon satellite network gets a rebrand ‚Äî¬†and drops its affordability pitch,Technology,real
TechCrunch Mobility: The robotaxi expansion that really matters,Technology,real
How much of the AI data center boom will be powered by renewable energy?,Technology,real
JPMorgan doesn‚Äôt want to pay Frank founder Charlie Javice‚Äôs legal bills,Technology,real
Jury says Apple owes Masimo $634M for patent infringement,Technology,real
Disney and YouTube TV reach deal to end blackout,Technology,real
Leaked documents shed light into how much OpenAI pays Microsoft,Technology,real
Databricks co-founder argues US must go open source to beat China in AI,Technology,real
A comprehensive list of 2025 tech layoffs,Technology,real
ChatGPT: Everything you need to know about the AI-powered chatbot,Technology,real
Tesla releases detailed safety report after Waymo co-CEO called for more data,Technology,real
Oura Ring 4 Ceramic review: A colorful glow-up,Technology,real
OpenAI says it‚Äôs fixed ChatGPT‚Äôs em dash problem,Technology,real
Five people plead guilty to helping North Koreans infiltrate US companies as ‚Äòremote IT workers‚Äô,Technology,real
Boeing has a carbon emissions problem. Startup Charm Industrial is cleaning up.,Technology,real
German court rules Google must pay ‚Ç¨572M for violating antitrust rules in price comparison sector,Technology,real
"Best Organic Mattresses (2025): Birch, Avocado, Naturepedic, More",Technology,real
"Best Action Cameras (2025), Tested and Reviewed",Technology,real
"Marshall Heston 120 Review: Premium Style, Restrained Sound",Technology,real
"16 Best Subscription Boxes for Kids (2025): STEM, Books, Clothes, Snacks",Technology,real
How Genes Have Harnessed Physics to Grow Living Things,Technology,real
NordVPN Review (2025): Living Up to Its Name,Technology,real
Gifts for Gym Bros: Best Workout Gear and Gym Essentials (2025),Technology,real
Use Google Gemini and ChatGPT to Organize Your Life With Scheduled Actions,Technology,real
I Ditched Alexa and Upgraded My Smart Home,Technology,real
"The Best TVs We‚Äôve Reviewed in 2025: Sony, Samsung, LG, and More",Technology,real
"17 Best Gifts for PC Gamers (2025): Headsets, Desks, Monitors",Technology,real
"5 Best Lip Balms to Try in 2025, All Tested in Tough Conditions",Technology,real
Analog Photography: The Beginner‚Äôs Guide to Film Cameras (2025),Technology,real
11 Best Natural Deodorants I Tested for Daily Use (2025),Technology,real
"The 20 Best Movies on Amazon Prime, WIRED's Picks (November 2025)",Technology,real
An Invasive Disease-Carrying Mosquito Has Spread to the Rocky Mountains,Technology,real
"The 23 Best Shows on Amazon Prime, WIRED‚Äôs Picks (November 2025)",Technology,real
"How to Use the New AI Features in OmniFocus, the Power User‚Äôs To-Do List",Technology,real
A Major Leak Spills a Chinese Hacking Contractor‚Äôs Tools and Targets,Technology,real
"Gear News of the Week: Steam Makes a Home Console, and Apple Debuts a $230 Pouch for Your iPhone",Technology,real
"Automated Holiday Party Ideas (2025): Ninja, HP Sprocket, Cricut",Technology,real
When Will the US Finally Get $15K EVs?,Technology,real
25% Off DoorDash Promo Code | November 2025,Technology,real
The 19 Best Tried and Tested Gifts for Bird Lovers (2025),Technology,real
DOJ Issued Seizure Warrant to Starlink Over Satellite Internet Systems Used at Scam Compound,Technology,real
Black Friday 2025: Expert Tips for Finding the Best Deals,Technology,real
"Chinese Beverage Chains Spread Across the US, Challenging Starbucks' Dominance",Technology,real
30 Best Early Black Friday Deals on WIRED-Tested Gear (2025),Technology,real
Our Favorite Webcam Is Marked Down by $35,Technology,real
Inside the Multimillion-Dollar Plan to Make Mobile Voting Happen,Technology,real
The Data Center Resistance Has Arrived,Technology,real
Weight-Loss Drug Zepbound Is Being Tested as a Treatment for Long Covid,Technology,real
"8 Best MagSafe Phone Grips (2025), Tested and Reviewed",Technology,real
All MAGA Wanted Was the Epstein Files. Now They're Ignoring Them,Technology,real
"11 Best Android Phones of 2025, Tested and Reviewed",Technology,real
"15 Best Camera Accessories for Phones (2025): Tripods, Mics, and Lights",Technology,real
"Amazon‚Äôs Fire Tablets, Tested, So You Don‚Äôt Have To (2025)",Technology,real
What‚Äôs the Best Hair Straightener for You? It Depends (2025),Technology,real
Razer Cobra HyperSpeed: A Basic Gaming Mouse With All You Need,Technology,real
Woolroom Luxury Wooly Mattress Review: Supple but Stinky,Technology,real
Why You Should Cook Your Turkey Outside for Thanksgiving,Technology,real
Can a Hydroelectric Dam Really Make the Days Longer?,Technology,real
"Best Holiday Photo Cards (2025): Mixbook, Vistaprint, Canva",Technology,real
How Windows Recall Works‚Äîand Whether You Should Switch It On,Technology,real
The 31 Best Deals From REI‚Äôs 2025 Holiday Sale,Technology,real
You Won‚Äôt Be Able to Offload Your Holiday Shopping to AI Agents Anytime Soon,Technology,real
Airports and Airlines Are Crawling Out of the Shutdown,Technology,real
Blue Apron Coupon & Promo Codes: $25 Off | November 2025,Technology,real
Hungryroot Coupon Codes: 30% Off in November 2025,Technology,real
HelloFresh Coupon Codes: 55% Off + Free Meals - November 2025,Technology,real
Who Pays When A.I. Is Wrong?,Technology,real
SoftBank Sells $5.8 Billion Stake in Nvidia to Pay for OpenAI Deals,Technology,real
Why Debt Funding Is Ratcheting Up the Risks of the A.I. Boom,Technology,real
Is A.I. a Journalist or Just a Newsroom Tool?,Technology,real
How Fraudsters Use Cryptocurrency A.T.M.s to Target Victims,Technology,real
How Seattle‚Äôs The Stranger Became a Progressive Kingmaker,Technology,real
Data Centers in Space + A.I. Policy on the Right + A Gemini History Mystery,Technology,real
Almost Everything About NASA‚Äôs ESCAPADE Mission to Mars Is Unusual,Technology,real
5 Apps That Will Make You Love Art Galleries,Technology,real
"Northern Lights Are Beautiful, but for Satellites They‚Äôre Risky",Technology,real
Russian Humanoid Robot Falls on Its Face in Hyped Debut,Technology,real
Solvay of Belgium Creates Rare Earths Deals With U.S.,Technology,real
"At the Cybathlon, May the Best Brain-Computer Interface Win",Technology,real
Missing at U.N.‚Äôs Climate Meeting: American Executives,Technology,real
Blue Origin Scrubs Launch of NASA‚Äôs ESCAPADE Mission to Mars,Technology,real
"China Resumes Some Chip Exports, Easing Fears of a Global Crunch",Technology,real
The evolution of rationality: How chimps process conflicting evidence,Technology,real
Wyoming dinosaur mummies give us a new view of duck-billed species,Technology,real
US may owe $1 trillion in refunds if SCOTUS cancels Trump tariffs,Technology,real
The twin probes just launched toward Mars have an Easter egg on board,Technology,real
"As shutdown ends, dubious CDC panel gets back to dismantling vaccine schedule",Technology,real
How two Nissan Leafs help make a regional airport more resilient,Technology,real
‚ÄúHow about no‚Äù: FCC boss Brendan Carr says he won‚Äôt end news distortion probes,Technology,real
What‚Äôs it like to compete in the longest US off-road rally with no GPS?,Technology,real
Three astronauts are stuck on China‚Äôs space station without a safe ride home,Technology,real
Forget AGI‚ÄîSam Altman celebrates ChatGPT finally following em dash formatting rules,Technology,real
World‚Äôs oldest RNA extracted from Ice Age woolly mammoth,Technology,real
Dogs came in a wide range of sizes and shapes long before modern breeds,Technology,real
Scientist pleaded guilty to smuggling Fusarium graminearum into US. But what is it?,Technology,real
"Years later, Arkane‚Äôs Dishonored is still a modern stealth classic",Technology,real
Blue Origin‚Äôs New Glenn rocket came back home after taking aim at Mars,Technology,real
Researchers question Anthropic claim that AI-assisted attack was 90% autonomous,Technology,real
Rocket Report: Blue Origin‚Äôs stunning success; vive le Baguette One!,Technology,real
US spy satellites built by SpaceX send signals in the ‚Äúwrong direction‚Äù,Technology,real
This flu season looks grim as H3N2 emerges with mutations,Technology,real
Google claims win for everyone as text scammers lost their cloud server,Technology,real
Sanders rues 'rough' debut after Gabriel concussed,Sports,real
Source: Concern Rodgers has break in left wrist,Sports,real
"Eagles D makes statement, shuts down Goff, Lions",Sports,real
Mahomes takes blame as division title hopes fade,Sports,real
Draymond confronts fan over 'Angel Reese' chant,Sports,real
Ex-QB Kosar says he will receive liver transplant,Sports,real
"Sources: Naylor, Mariners reunite on 5-year deal",Sports,real
Allen's 6 TDs draw more 'unreal' praise by Bills,Sports,real
‚òî 'Game blouses': Bears' jab at Vikes tops trolls,Sports,real
"Eagles roll over Lions: Here's what to know from Week 11, including our main takeaways",Sports,real
Connelly's 25 favorite games: How they went down and what they mean,Sports,real
The SEC offered a dose of playoff football in Week 12,Sports,real
"Week 11 winners and losers: Allen, McCaffrey dominate; Chase, Jefferson go quiet",Sports,real
"Buzz: Tucker goes off for Buccaneers; Packers lose Jacobs, Ridley's season over",Sports,real
Projecting Tuesday's CFP top 12: Where do the Sooners and Tide land?,Sports,real
"Orlando's NWSL title defense is over, so what's next for Marta?",Sports,real
MLB offseason grades: Mariners re-sign Naylor in winter's first big move,Sports,real
"In Skaggs court case, Angels' challenges mount",Sports,real
"Arsenal, Bayern, Marseille? Lessons learned across Europe's top leagues after 10 games",Sports,real
2026 World Cup: Ukraine keep World Cup hopes alive with clinched playoff spot,Sports,real
"Reyna takes advantage of opportunity in return, as USMNT continues unbeaten run",Sports,real
USMNT player ratings: 9/10 Reyna impresses in return,Sports,real
"NFL Week 11's fashionable arrivals, featuring Eagles WR DeVonta Smith",Sports,real
Intel: Could Elee flip? Texas A&M and Miami making moves,Sports,real
Grant breezes to second LPGA title at The Annika,Sports,real
"What's next for Makhachev, Shevchenko and other stars from UFC 322?",Sports,real
"Draft risers, questions and notes: How does this WR class stack up?",Sports,real
Will your team make the playoffs? Simulate the rest of the regular season,Sports,real
"Transfer rumors, news: Barcelona, Bayern, Man United fight for Vlahovic",Sports,real
NFL Week 11 overreactions: Chargers on verge of second-half collapse? Bench J.J. McCarthy?,Sports,real
"NFL Week 11 grades: Josh Allen wills the Bills to an 'A-,' Broncos earn 'B+' for upset win over Chiefs",Sports,real
2026 NFL Draft order after Week 11: Dolphins playing themselves out of QB hunt; Rams own top-10 pick via trade,Sports,real
Bears' Nahshon Wright pays tribute to late coach John Beam with interception: 'That one was for him',Sports,real
"Rams terrorize Sam Darnold again, take control of NFC West race over Seahawks as defense leads way",Sports,real
Josh Jacobs injury update: Packers running back's knee issue not expected to be season-ending,Sports,real
NWSL Championship: NJ/NY Gotham FC and Washington Spirit to meet in 2025 title game,Sports,real
"Michael Penix Jr. injury: Falcons QB to be evaluated after hurting knee, leaving game in loss to Panthers",Sports,real
Josh Naylor re-signing with Mariners on five-year contract in offseason's first major free-agency signing,Sports,real
Steelers' Jalen Ramsey ejected after throwing punch at Ja'Marr Chase; accuses Bengals WR of spitting on him,Sports,real
Aaron Rodgers injury update: Steelers QB to have wrist evaluated; Mason Rudolph leads Pittsburgh to victory,Sports,real
Anthony Davis injury update: Mavericks star to be out at least an additional 7-10 days with calf strain,Sports,real
"NFL Week 11 winners and losers: Josh Allen plays Superman for Bills as Bengals, Falcons flop yet again",Sports,real
One Knoxville SC top Spokane Velocity to claim first USL League One title in club history,Sports,real
"'Sunday Night Football' prediction, odds, line start time: Lions vs. Eagles picks from expert on a 34-21 roll",Sports,real
"NFL DFS, Eagles vs. Lions: Top FanDuel, DraftKings daily Fantasy football picks for 'Sunday Night Football'",Sports,real
Fantasy Football Week 11 breakouts: Sean Tucker powers his way through a monster performance,Sports,real
"Lions vs. Eagles NFL player props, SGP: Self-learning AI backs Jahmyr Gibbs Over 13.5 carries on 'SNF'",Sports,real
"Where to watch Eagles vs. Lions: TV channel, live stream and preview for 'SNF'",Sports,real
"Eagles vs. Lions prediction, odds, line, time: NFL Week 11 'Sunday Night Football' picks by advanced model",Sports,real
Travis Kelce sets Chiefs record for career touchdowns scored: Star tight end passes Priest Holmes for top spot,Sports,real
Shedeur Sanders makes NFL debut: Former Colorado star QB enters after Dillon Gabriel exits with concussion,Sports,real
Jaedyn Shaw scores dramatic last-minute free kick to send Gotham FC back to NWSL Championship,Sports,real
"Led by Marta Suarez and Olivia Miles, TCU announces contender status with 69-59 win over No. 10 NC State",Sports,real
"Tomorrow's Top 25 Today: Purdue poised to leap Houston, return to No. 1 in college basketball rankings",Sports,real
"Joe Burrow injury updates: Bengals QB has possible return game, but there's no 'definitive return date'",Sports,real
2026 FIFA World Cup qualified teams: Portugal clinch spot in tournament; Nigeria miss out once again,Sports,real
Bills' wild win over Buccaneers ends with final score that's never happened before in NFL history,Sports,real
Tennessee expected to part ways with DB Boo Carter as ongoing issues lead to departure from Vols program,Sports,real
Explaining UCLA's Penn State problem while targeting James Madison's Bob Chesney in coaching carousel,Sports,real
LOOK: Rams wearing new Midnight Mode 'Rivalries' uniform in Week 11 showdown vs. Seahawks,Sports,real
Adam Schenk claims first PGA Tour win amid windy conditions at Bermuda Championship 2025,Sports,real
Rory McIlroy wins seventh Race to Dubai title as Matt Fitzpatrick claims DP World Tour Championship 2025,Sports,real
"Ravens vs. Browns: Where to watch NFL Week 11, score prediction, betting odds, sportsbook promos, SGP picks",Sports,real
"Rams vs. Seahawks: Where to watch NFL Week 11, betting odds, score prediction, sportsbook promos, SGP picks",Sports,real
"Use bet365 bonus code CBSBET365, get $200 bonus bets by targeting NFL Week 11, Broncos-Chiefs, Browns-Ravens",Sports,real
Rossi may follow Nancy to Celtic - gossip,Sports,real
From Spurs fringes to Dutch delight - Parrott&#39;s rise to Irish hero,Sports,real
Boland says Root is England player to &#39;keep quiet&#39;,Sports,real
World Cup 2026: F√©lix Tshisekedi welcomes the Leopards today,Sports,real
World Cup 2026: Haaland reacts to Norway&#39;s qualification,Sports,real
Report: Barcelona&#8217;s 2026/27 away kit set to bring a sense of nostalgia,Sports,real
Liverpool now ENTER talks to sign African superstar,Sports,real
Premier League icon slams critics for unfair treatment of Real Madrid talisman &#8211; &#8216;They hate that they can&#8217;t reach him&#8217;,Sports,real
"üì∫ Monday&#39;s fixtures: Germany, Netherlands and Croatia in qualifiers",Sports,real
"üóû Today&#39;s headlines: Portugal and Norway hit big wins, the Bernab√©u...",Sports,real
Why Luxembourg dead rubber still matters for NI,Sports,real
Nagelsmann confirms talks with Adeyemi over reported illegal weapons possession case,Sports,real
Netherlands vs Lithuania ‚Äì Match preview and team news,Sports,real
&#8220;It was still huge&#8221; &#8211; Thomas Frank on talks to become Chelsea manager,Sports,real
"World Cup 2026: Timothy Fayulu, the hero for DR Congo against Nigeria",Sports,real
Casemiro: Man United midfielder makes clear where his loyalties lie,Sports,real
"The Hoddle of Coffee: Tottenham Hotspur news and links for Monday, November 17",Sports,real
Bill Simmons highlights Shai Gilgeous-Alexander&#39;s under appreciated skill: &quot;You don&#39;t think of the footwork when you think about him&quot;,Sports,real
Who can qualify for the World Cup this week?,Sports,real
Arsenal‚Äôs injury woes mount ahead of Bayern clash,Sports,real
Barcelona keeping tabs on former La Masia prodigy amid concerns over left-back position,Sports,real
Troost-Ekong after Nigeria&#39;s elimination: &#39;It&#39;s a very difficult day&#39;,Sports,real
"NT boss insists Real Madrid star has to &#8216;accept&#8217; his decision amid substitution drama &#8211; &#8216;Accept it, respect it&#8217;",Sports,real
Roma to battle it out with West Ham for Joshua Zirkzee,Sports,real
Kendrick Perkins says he has the perfect solution to solve the NBA&#39;s All-Star woes: &quot;Money on the wood make the game go good&quot;,Sports,real
"World Cup 2026 draw: Date, start time, format and who has qualified?",Sports,real
When are the World Cup qualifying play-offs and when is the draw?,Sports,real
Report: First baseman Josh Naylor finalizing 5-year contract with Mariners,Sports,real
‚ÄòRespect the teammates‚Äô &#8211; England boss tells Jude Bellingham over unhappy reaction against Albania,Sports,real
Longhorns Daily News: Texas alum Kris Boyd is in stable condition after suffering gunshot wound,Sports,real
"Duke Bounces Back After WVU Loss, Beating Liberty 57-49",Sports,real
Oscar discharged from hospital after heart issue,Sports,real
All aTwitter: 17-Nov-25 ‚Äì Commanders special teams and offense come up small in ‚Äòwinning time moments‚Äô in Madrid,Sports,real
Lions players furious after controversial penalty at end of loss to Eagles: ‚ÄòIt‚Äôs (bleep)‚Äô,Sports,real
Eagles overcome another sluggish offensive performance as ‚ÄòBat Boys‚Äô snuff out Lions,Sports,real
Manchester City&#8217;s star man continues his strong form to help lead Norway to the World Cup,Sports,real
Maxey and the 76ers take on Harden and the Clippers,Sports,real
Dallas visits Minnesota after overtime win against Portland,Sports,real
"Golden State faces Orlando, looks for 4th straight road win",Sports,real
"Memphis faces San Antonio, looks to end 4-game skid",Sports,real
"Free agent Tomiyasu can still play at World Cup, says Japan coach",Sports,real
"Is Northern Ireland vs Luxembourg on TV tonight? Channel, kick-off time and how to watch World Cup qualifier for free",Sports,real
Roma eyeing Fabbian and Frendrup to strengthen midfield,Sports,real
How hard is it for Channel Island players to become professionals?,Sports,real
"Haway The Podcast | ON THIS WEEK | Brady Debuts, False Hope, & Christmas Lights!",Sports,real
"How to watch Canadiens vs. Blue Jackets today: Channel, time, schedule, live stream for Monday Night Hockey",Sports,real
Concern creeping in at Barcelona surrounding the form of defensive duo,Sports,real
‚ÄòThe idea will be to part ways‚Äô: Romano says Man Utd will explore sale for 102-app Red with three years on his deal,Sports,real
Official: Another Real Madrid star leaves national team with muscle discomfort,Sports,real
Adam Wharton: Man United target receives public criticism for England performance,Sports,real
‚ÄòLast Week Tonight With John Oliver‚Äô Pays Tribute to Late ‚ÄòJimmy Kimmel Live‚Äô Bandleader Cleto Escobedo III,Entertainment,real
‚ÄòNow You See Me: Now You Don‚Äôt‚Äô Debuts Atop Korea Box Office,Entertainment,real
"John Oliver Launches ‚ÄòLast Week Tonight‚Äô Auction, Including an Original Bob Ross Painting, to Support Public Broadcasting",Entertainment,real
‚ÄòDemon Slayer: Infinity Castle‚Äô Opens at No. 1 in China,Entertainment,real
"Tom Cruise Accepts Honorary Oscar With Emotional Speech at Governors Awards: ‚ÄòMaking Films Is Not What I Do, It Is Who I Am‚Äô",Entertainment,real
Walmart Serves Walton Goggins as The Grinch To Warm Up Black Friday,Entertainment,real
"AI Drama ‚ÄòHumans in the Loop‚Äô Receives Film Independent‚Äôs Sloan Distribution Grant, Enters Oscar Race (EXCLUSIVE)",Entertainment,real
‚ÄòChess‚Äô Review: Lea Michele Reigns as Queen of This Uneven Broadway Revival,Entertainment,real
"Anushka Sen to Launch Music Career With Debut Single ‚ÄòChameleon,‚Äô Produced by Two-Time Grammy Winner Ken Lewis (EXCLUSIVE)",Entertainment,real
Farhan Akhtar‚Äôs ‚Äò120 Bahadur‚Äô Makes History With India Defense Theater Release (EXCLUSIVE),Entertainment,real
Governors Awards: Tom Cruise Finally Gets His Oscar As Current Awards Hopefuls Turn Out in Droves,Entertainment,real
"‚ÄòThe Stories‚Äô Director Abu Bakr Shawky Says His Film, Inspired by How His Egyptian Dad and Austrian Mother Started off as Pen Pals, Is About ‚ÄúWorlds Meeting‚Äù",Entertainment,real
‚ÄòLast Samurai Standing‚Äô Star Junichi Okada On Making of Netflix Series That‚Äôs a ‚ÄúMixture of ‚ÄòSquid Games‚Äô and ‚ÄòShogun'‚Äù,Entertainment,real
"‚ÄòChess‚Äô Theater Review: Lea Michele, Aaron Tveit and Nicholas Christopher Headline Conflicted Broadway Revival of Cold War Concept Musical",Entertainment,real
"Governors Awards Arrivals 2025: Ariana Grande, Jennifer Lopez and More Stars on the (Black) Carpet",Entertainment,real
"‚ÄòDemon Slayer: Infinity Castle‚Äô Opens to $52M in China, Lifting Cume to $730M Worldwide",Entertainment,real
Why Jennifer Lawrence Says It‚Äôs ‚ÄúVery Scary‚Äù Waiting for Audience Reactions to Her Movies,Entertainment,real
BravoCon 2025: Biggest Moments From Day 2,Entertainment,real
"F1 Las Vegas Grand Prix 2025: The Complete Guide to Tickets, Parties, Events and Viewing Experiences (Updating)",Entertainment,real
Original ‚ÄòNaked Gun‚Äô Director Criticizes Liam Neeson-Led Reboot: ‚ÄúEverybody‚Äôs in It for the Money Now‚Äù,Entertainment,real
Sister Wives' Meri Brown Alleges Ex Kody Brown Asked Her to Sign a NDA,Entertainment,real
Summer House Star Kyle Cooke Addresses Amanda Batula Divorce Rumors,Entertainment,real
Kim Kardashian Shares BTS Look at Bar Prep After Failing Legal Exam,Entertainment,real
New York Jets Player Kris Boyd Hospitalized After Midtown Shooting,Entertainment,real
Glen Powell Brings UPS Driver to SNL 4 Years After Canceled Host Stint,Entertainment,real
Southern Charm's Madison LeCroy Involved In Car Crash at BravoCon 2025,Entertainment,real
35+ Must-See Walmart Black Friday Furniture Deals You Can‚Äôt Miss,Entertainment,real
These Secrets About Home Alone Will Leave You Thirsty for More,Entertainment,real
"A $100 Quince Bag That Looks Like $3,500 Bottega? Yep, We Found It",Entertainment,real
Inside Serena Williams Love All Story With Alexis Ohanian,Entertainment,real
Inside Pete Davidson and Pregnant Elsie Hewitt's Whirlwind Love Story,Entertainment,real
These Wicked Secrets Will Have You Dancing Through Life,Entertainment,real
The Real Story Behind Teresa Giudice & Joe Gorga's Reconciliation,Entertainment,real
Will Jan Ravnik Return to¬†Dancing With the Stars? He Says...,Entertainment,real
Mercedes Javid Reveals Where She & Tommy Feight Stand Amid Divorce,Entertainment,real
Grey's Anatomy Star James Pickens Jr. Shares Prostate Cancer Diagnosis,Entertainment,real
"Camille Grammer Epically Thanks Ex Kelsey Grammer For ""Frasier Money""",Entertainment,real
"Sophie Gr√©goire Trudeau Reacts to Justin Trudeau, Katy Perry Romance",Entertainment,real
Adidas Early Black Friday: Get Sambas for Just $70 (Regularly $100),Entertainment,real
"RHOSLC's Lisa Barlow Slams Costars' ""Desperate"" Lies About Her",Entertainment,real
RHONJ's Melissa Gorga Shares Shocking Update on Teresa Giudice Feud,Entertainment,real
Cardi B Hints At Name of New Baby With Stefon Diggs,Entertainment,real
VPR's Tom Sandoval Makes Rare Comment About Ex Ariana Madix,Entertainment,real
Southern Charm's Austen Kroll Confirms Audrey Pratt Breakup,Entertainment,real
Diamond Gift Guide: 10 Must-Have Jewelry Classics at Every Price Point,Entertainment,real
"Britney Spears Hangs Out With Kim Kardashian, Khloe Kardashian",Entertainment,real
Walmart Early Access Beauty Deals Under $50 Are Live,Entertainment,real
"Meghan Trainor's Confessions About Her Boob Job, Weight Loss & More",Entertainment,real
Inside Eddie Murphy's Family Tree‚ÄîWhich Now Includes Martin Lawrence,Entertainment,real
Kris Jenner Shares Personal Goals After Birthday Milestone,Entertainment,real
‚ÄòNow You See Me: Now You Don‚Äôt‚Äô Has Tricks Up Its Sleeve,Entertainment,real
"For ‚ÄòThe Running Man,‚Äô Colman Domingo Is Your Host",Entertainment,real
‚ÄòNouvelle Vague‚Äô: All the References Explained,Entertainment,real
Today‚Äôs Top Directors Have Some Issues With Gen Z,Entertainment,real
SAG Awards Changes Its Name to the Actor Awards,Entertainment,real
"In Death, Poet Andrea Gibson Gets a Film That Celebrates Life",Entertainment,real
Eddie Murphy Addresses ‚ÄòS.N.L.‚Äô Feud in ‚ÄúBeing Eddie‚Äù Documentary,Entertainment,real
11 New Movies Our Critics Are Talking About This Week,Entertainment,real
"Homayoun Ershadi, 78, Dies; ‚ÄòKite Runner‚Äô and ‚ÄòTaste of Cherry‚Äô Star",Entertainment,real
"Leslie Odom Jr., Back in the Room Where It Happens",Entertainment,real
"Elizabeth Franz, Versatile Tony-Winning Actress, Is Dead at 84",Entertainment,real
Five International Movies to Stream Now,Entertainment,real
‚ÄòCome See Me in the Good Light‚Äô: The Sweetness After a Terminal Diagnosis,Entertainment,real
"‚ÄòA Very Jonas Christmas Movie‚Äô Review: O Come, All Ye Faithful",Entertainment,real
"Sofia Coppola Honored at MoMA Benefit With Elle Fanning, Bill Murray and David Letterman",Entertainment,real
‚ÄòThe Running Man‚Äô Review: Glen Powell Plays for His Life,Entertainment,real
‚ÄòNouvelle Vague‚Äô Review: Richard Linklater‚Äôs Ode to ‚ÄòBreathless‚Äô,Entertainment,real
‚ÄòViridiana‚Äô Was Luis Bu√±uel‚Äôs Revenge,Entertainment,real
‚ÄòThe Things You Kill‚Äô Review: A Tragedy Turns Surreal,Entertainment,real
‚ÄòRebuilding‚Äô Review: When Life Bucks You Off,Entertainment,real
"‚ÄòNow You See Me: Now You Don‚Äôt‚Äô Review: Magic, the Gathering",Entertainment,real
"‚ÄòKeeper‚Äô Review: You Can Get In, but You Can‚Äôt Get Out",Entertainment,real
‚ÄòKing Ivory‚Äô Review: Oklahoma Turns Gangland,Entertainment,real
‚ÄòThe Carpenter‚Äôs Son‚Äô Review: The First Temptation of Christ?,Entertainment,real
‚ÄòBunny‚Äô Review: Doing the Right Thing,Entertainment,real
‚ÄòBeing Eddie‚Äô Review: Eddie Murphy Looks Back,Entertainment,real
‚ÄòArco‚Äô Review: A Technicolor Apocalypse,Entertainment,real
"Sally Kirkland, Scene-Stealing Actress, Dies at 84",Entertainment,real
Hollywood Bowl Names Its Stage for John Williams,Entertainment,real
Pope Leo Shares His Favorite Movies Ahead of Vatican Event,Entertainment,real
How Brawling Dramas Take the Fight to the Oscars,Entertainment,real
"Tatsuya Nakadai, Japanese Star Known for ‚ÄòRan‚Äô and Other Classics, Dies at 92",Entertainment,real
"Aidan Zamiri is Directing Timoth√©e Chalamet, Charli XCX & More of Today‚Äôs Hottest Stars",Entertainment,real
RSV hospitalization rate for seniors is 10 times higher than usual for this point in the season,Health,real
"Covid-19 boosters could keep thousands of kids out of hospitals, but uptake remains low",Health,real
Experimental therapy gantenerumab fails to slow or improve Alzheimer's memory loss in clinical trials,Health,real
"US gets D+ grade for rising preterm birth rates, new report finds",Health,real
"Desperate for heart surgery for their baby, a family feels the effects of pediatric hospital shortages",Health,real
Fuzzy first photo of a black hole gets a sharp makeover,Health,real
Paper airplane breaks a world distance record,Health,real
This bat fossil could fill in a piece of the evolutionary puzzle,Health,real
How long you can use vintage Tupperware,Health,real
Why we have nightmares and how to stop them,Health,real
Your guide to finding the right Theragun massage gun for you,Health,real
8 activewear brands you should add to your workout wardrobe,Health,real
The best coupons at CVS Pharmacy,Health,real
The planet is getting hotter fast. This is what happens to your body in extreme heat,Health,real
"What a medication abortion is like, according to a doctor",Health,real
How to cool down without AC,Health,real
"The benefits of 'body doubling' when you have ADHD, according to experts",Health,real
"If you think you can't focus for long, you're right",Health,real
"What you should know if there's no sexual attraction for your partner, according to a therapist",Health,real
Wheelchair? Hearing Aids? Yes. ‚ÄòDisabled‚Äô? No Way.,Health,real
Infant Formula Company Tied to Botulism Outbreak Had Known Problems,Health,real
"Bird Flu Ravaged the World‚Äôs Largest Elephant Seal Population, Study Finds",Health,real
Scientists Grow More Hopeful About Ending a Global Organ Shortage,Health,real
F.D.A. Names Agency Veteran to Run Drug Division,Health,real
The Young Women Grappling With an ‚ÄòOld Man‚Äôs Disease‚Äô,Health,real
"Overlooked No More: Sabina Spielrein, Visionary Lost Between Freud and Jung",Health,real
"Arline Bronzaft, Who Campaigned for a Quieter City, Dies at 89",Health,real
How Unemployment Can Take a Toll on Our Mental Health,Health,real
What Are Antidepressants Doing to Teen Sexual Development,Health,real
Infant Formula Recall Expands as Botulism Outbreak Grows,Health,real
"Nolan Williams, Who Stimulated the Brain to Treat Depression, Dies at 43",Health,real
"For Parents of Children With Autism, There Are No Easy Answers",Health,real
F.D.A. Will Remove Black Box Warnings From Hormone Treatments for Menopause,Health,real
"NASA, European Partners Set to Launch Sentinel-6B Earth Satellite",Science,real
"6 Things to Know From NASA About New US, European Sea Satellite",Science,real
NASA Sets Launch Coverage for International Ocean Tracking Mission,Science,real
Mapping Dark Matter,Science,real
NASA Glenn Teams Win 2025 R&D 100 Awards,Science,real
Hubble Studies Star Ages in Colorful Galaxy,Science,real
"NASA, Blue Origin Launch Two Spacecraft to Study Mars, Solar Wind",Science,real
"Curiosity Blog, Sols 4702-4708: It‚Äôs¬†Only¬†Spooky¬†Here¬†on¬†Earth¬†Today!",Science,real
"Curiosity Blog, Sols 4695-4701: Searching for Answers at Monte Grande",Science,real
"Curiosity Blog, Sols 4689-4694: Drill in the Boxwork Unit is GO!",Science,real
How to Watch the Leonids Meteor Shower Reach Its Peak,Science,real
Blue Origin Lands Booster After Rocket Launch and Matches SpaceX‚Äôs Feat,Science,real
"The Dogs of 8,000 B.C. Were Amazingly Diverse",Science,real
The ‚ÄòLost Sisters‚Äô of the Pleiades Fill the Entire Night Sky,Science,real
How Many People Die in India From Hot Weather? Nobody Really Knows.,Science,real
Trump Administration Revokes Biden Ban on Drilling and Mining in Alaska Wilderness,Science,real
"Greenhouse Gas Emissions Head for a Record in 2025, Global Carbon Project Reports",Science,real
How to See the Northern Lights on Wednesday,Science,real
"Visiting Leiden, Canals and Charm Without the Crowds of Amsterdam",Science,real
"Northern Lights Bring Dazzling Views to Northeast U.S. and Across Canada, With More Possible Tonight",Science,real
There‚Äôs a New Forecast for Peak Oil Demand. It‚Äôs Increasingly Cloudy.,Science,real
Newsom in the Spotlight at the Climate Conference That Trump Decided to Skip,Science,real
Trump Is Said to Propose Opening California Coast to Oil Drilling,Science,real
How a Sea Creature‚Äôs Fossils Show All the Colors of the Rainbow,Science,real
"At COP30 in Bel√©m, Brazil, Chinese Technology Is Shifting Climate Politics",Science,real
Why Everyone Wants to Meet the ‚ÄòWorld‚Äôs Most Boring Man‚Äô,Science,real
Scientists Create 3.3 Trillion Degree Particle Soup to Mimic the Universe Just after the Big Bang,Science,real
Life Expectancy with Type 1 Diabetes Varies Dramatically by Nation,Science,real
Amelia Earhart Records Released by U.S. Spy Agency,Science,real
Scientists Unearth Mysterious Meteorite Crater in China,Science,real
Man With Tick-Borne Meat Allergy Dies after Eating Burger,Science,real
Sun Continues Celestial Fireworks Display with Powerful Solar Flare,Science,real
New Glenn Rocket Launch Tests Jared Isaacman‚Äôs Commercial Space Vision for NASA,Science,real
Woolly Mammoth Unlocks Reveals the World‚Äôs Oldest RNA,Science,real
"Stranded Chinese Astronauts Return to Earth, but Space Junk Threats Remain",Science,real
Raccoons Are Showing Early Signs of Domestication,Science,real
Global Study Reveals Best Cities for Walking and Cycling,Science,real
We Had a Name for ‚ÄòGalaxies‚Äô before We Knew They Existed,Science,real
A New Kind of Vaccine Offers Hope for Surviving Pancreatic Cancer,Science,real
Blue Origin‚Äôs NASA Launch to Mars Is a Shot across the Bow for Elon Musk‚Äôs SpaceX,Science,real
Are Turkeys at Risk of Bird Flu This Thanksgiving?,Science,real
Dog Skull Analysis Rewrites Evolution of Humanity's Best Friend,Science,real
Jeffrey Epstein E-mails Reveal Ties to Prominent Scientists,Science,real
‚ÄòGodfather of AI‚Äô Breaks Major Science Research Record,Science,real
What Causes Cancer? Maud Slye Thought She Had the answer and a Way to Stop It,Science,real
Chinese Expedition Reveals Unexplored Section of Mysterious Arctic Ocean Ridge,Science,real
Scientists Might Soon Predict the Ocean‚Äôs Rogue Waves,Science,real
CIA Kryptos Puzzle Creator Releases Final Clues,Science,real
Heat Waves Will Be Less Extreme because of Paris Climate Agreement,Science,real
The Epstein-Barr Virus May Cause Lupus,Science,real
"IEA Now Predicts Oil and Gas Demand Will Rise beyond 2030, Departing from Previous Forecasts",Science,real
Northern Lights Dazzle U.S. Skies after Powerful Solar Storm,Science,real
How to Identify a Prime Number without a Computer,Science,real
Can Talking to an AI Version of a Loved One Help You Grieve?,Science,real
Powerful Solar Storm Could Trigger Far-Reaching Auroras across U.S.,Science,real
"Learning Another Language May Slow Brain Aging, Huge New Study Finds",Science,real
China‚Äôs Stranded Astronauts Are Safe‚ÄîFor Now. But How Will They Get Home?,Science,real
The World‚Äôs Largest Wind Turbine Will Smash Previous Records,Science,real
Canada Just Lost Its Measles-Free Status. The U.S. Could Soon Follow,Science,real
FDA Strips Breast Cancer Warning from Menopause Hormone Therapy,Science,real
Is Space the Place for Earth‚Äôs Next Evolutionary Leap?,Science,real
Not Everyone with Schizophrenia Hears Voices. Here‚Äôs Why,Science,real
Mathematicians‚Äô Chalkboard Writing Shows When Inspiration Strikes,Science,real
Exploring Food Texture and Taste Perception with Kendra Pierre-Louis,Science,real
AI Slop‚ÄîHow Every Media Revolution Breeds Rubbish and Art,Science,real
Rubin Observatory Discovers Surprise ‚ÄòTail‚Äô on Iconic Galaxy,Science,real
"James Watson, Co-Discoverer of DNA‚Äôs Structure, Dead at Age 97",Science,real
Early Arctic Cold Snap Could Break Decades-Old Temperature Records,Science,real
China's Stranded Astronauts Show the Dangers of Space Junk,Science,real
What FAA‚Äôs Flight Reduction Plan Means for Safety and Cancellations,Science,real
World‚Äôs Largest Spider Web Discovered in Bizarre Sulfur Cave,Science,real
Why Is the Milky Way Warped?,Science,real
"Tom Zeller, Jr., on Migraine Research, Gender Bias and the Cultural Stigma of Headaches",Science,real
Study Suggests COVID Pandemic May Have Aged Everyone‚Äôs Brain,Science,real
Two Vaquita Calves Offer Flicker of Hope for Most Endangered Porpoises on Earth,Science,real
AI Decodes Visual Brain Activity‚ÄîAnd Writes Captions for It,Science,real
British Churches Are Putting Their Faith in Heat Pumps,Science,real
The Physics of the Northern Lights,Science,real
"If the US Has to Build Data Centers, Here‚Äôs Where They Should Go",Science,real
The First Radio Signal From Comet 3I/Atlas Ends the Debate About Its Nature,Science,real
The Mysterious Math Behind the Brazilian Butt Lift,Science,real
The Hidden Math of Ocean Waves,Science,real
A Gene-Editing Therapy Cut Cholesterol Levels by Half,Science,real
Trump‚Äôs Hatred of EVs Is Making Gas Cars More Expensive,Science,real
Unpicking How to Measure the Complexity of Knots,Science,real
How to Follow the Trajectory of Comet 3I/Atlas,Science,real
Blood Tests for Alzheimer‚Äôs Are Here,Science,real
"A New Type of Opioid Is Killing People in the US, Europe, and Australia",Science,real
A New Light-Based Cancer Treatment Kills Tumor Cells and Spares Healthy Ones,Science,real
How to Watch the Leonids Meteor Shower,Science,real
Physicists Create a Thermometer for Measuring ‚ÄòQuantumness‚Äô,Science,real
"Some on-air claims about Dominion Voting Systems were false, Fox News acknowledges in statement after deal is announced",General,real
Dominion still has pending lawsuits against election deniers such as Rudy Giuliani and Sidney Powell,General,real
Here are the 20 specific Fox broadcasts and tweets Dominion says were defamatory,General,real
Judge in Fox News-Dominion defamation trial: 'The parties have resolved their case',General,real
'Difficult to say with a straight face': Tapper reacts to Fox News' statement on settlement,General,real
Millions in the US could face massive consequences unless McCarthy can navigate out of a debt trap he set for Biden,General,real
White homeowner accused of shooting a Black teen who rang his doorbell turns himself in to face criminal charges,General,real
Newly released video shows scene of Jeremy Renner's snowplow accident,General,real
Jake Gyllenhaal and Jamie Lee Curtis spent the Covid-19 lockdown together,General,real
"Toddler crawls through White House fence, prompts Secret Service response",General,real
Jamie Foxx remains hospitalized nearly a week after 'medical complication',General,real
A 13-year-old dies after participating in a Benadryl TikTok 'challenge',General,real
See pizza delivery guy take out suspect fleeing police,General,real
Netflix is winding down its DVD business after 25 years,General,real
FTC chair Lina Khan warns AI could 'turbocharge' fraud and scams,General,real
"Eating too much of these foods is driving the rise in type 2 diabetes, study says",General,real
ADHD medication abuse in schools is a 'wake-up call',General,real
Apple CEO was presented with an original Macintosh. See his reaction,General,real
Democrats bash Justice Clarence Thomas but their plan to investigate ethics allegations is unclear,General,real
"Russia is 'going backwards' in equipment and deploying post WWII-era tanks, according to Western officials",General,real
Two Russians claiming to be former Wagner commanders admit killing children and civilians in Ukraine,General,real
'My stomach is hurting from laughing': Hear panelist's reaction to DeSantis' threat to Disney,General,real
GOP prepared to block vote to replace Feinstein on Senate Judiciary,General,real
Oklahoma governor calls on officials to resign over recording of racist and threatening remarks,General,real
McCarthy slams Biden in handling of US debt,General,real
US warns Russia not to touch American nuclear technology at Ukrainian nuclear plant,General,real
Repeated gunshots fired on live TV as ex-lawmaker shot by assassins,General,real
FDA clears the way for additional bivalent boosters for certain vulnerable individuals,General,real
Maine authorities detained a person of interest after 4 people were found dead in a home and 3 others shot while driving,General,real
Southwest says flights resumed after delays caused by 'tech issues',General,real
Damar Hamlin cleared to resume football activities after January cardiac arrest,General,real
Pilot makes history after landing on top of a 56-story hotel,General,real
Top US Navy admiral defends non-binary sailor amid some Republican criticism,General,real
Fulton County DA says fake Trump electors are incriminating one another and wants lawyer disqualified,General,real
High speed trains are racing across the world. But not in America,General,real
Podcast: One country musician is calling for other artists to oppose assault rifles,General,real
Here's what you need to know if you haven't filed your return yet ‚Äî and even if you have,General,real
"Undocumented immigrants are paying their taxes today, too",General,real
Opinion: Why millionaires like us want to pay more in taxes,General,real
'World's longest' purpose-built cycling tunnel opens in Norway,General,real
Artist rejects photo prize after AI-generated image wins award,General,real
These ships disappeared in Lake Superior a century ago. Watch as they're found again,General,real
Erotic images of seniors show sex and intimacy in new light,General,real
"China's economy is off to a solid start, rising 4.5% in Q1 2023",General,real
"Even when wives make as much as husbands, they still do more at home",General,real
McDonald's is upgrading its burgers,General,real
Google-parent stock drops on fears it could lose search market share to AI-powered rivals,General,real
Bidets save you money and reduce waste ‚Äî we tested the best options out there,General,real
50+ products to make your life easier and our planet cleaner,General,real
Mother's Day is around the corner. Here are 50+ thoughtful gifts she'll love,General,real
"A head-to-toe guide of how men should dress this spring, and where they should shop",General,real
42 of the most useful travel products you can buy on Amazon,General,real
The 7 best high-yield savings accounts of April 2023,General,real
Taxes are due tomorrow. Here's how to file for an extension,General,real
Composting is an easy way to reduce food waste. Here's how to do it,General,real
We stopped using aluminum foil for cooking and you should too. Here's what to use instead,General,real
The beloved Dyson Supersonic hair dryer is at its lowest price ever,General,real
"Everything you need to know about Way Day 2023, Wayfair's biggest sale of the year",General,real
The 10 best Amazon deals to shop this week,General,real
Mifepristone saved my life,General,real
The 2024 presidential alternative many voters will want,General,real
Why isn't the House Judiciary Committee looking into Thomas?,General,real
Top secrets come spilling out,General,real
How did Sudan go from casting off despotic rule to this?,General,real
Michelle Yeoh set to return in new 'Star Trek' movie,General,real
Recap: 'Succession' finds dark humor in the aftershocks,General,real
"'Yellowjackets' leans hard into '90s music nostalgia, and we're here for it",General,real
Jeremy Renner revisits 'the amazing group of people' who helped him recover from his accident,General,real
Review: 'Barry' takes a whack at its farewell season,General,real
"U.S. Border Patrol Arrested 81 People in Charlotte, N.C.",General,real
"New International Student Enrollment Plummeted This Fall, Survey Finds",General,real
"At Catholic Churches, Trump‚Äôs Immigration Crackdown Takes Center Stage",General,real
Friends Say a Suspect in the Louvre Heist Had Tried to Leave a Rough Past Behind,General,real
A Pill for Women‚Äôs Libido Meets a Cultural Moment,General,real
"In a Brutal Mississippi Jail, Inmates Say They Were Enlisted as Enforcers",General,real
"New Orleans Elects Exonerated Man, Calvin Duncan, as Criminal Court Clerk",General,real
"At a Shared Symbol of Jihad, the Taliban Defy Their Old Ties With Pakistan",General,real
Can Ken Burns Win the American Revolution?,General,real
Carter Anderson‚Äôs Jeans Are Gigantic. His Internet Fame Is Too.,General,real
Saudi Leader Looking Inward as He Comes to Washington,General,real
A Christian Answer to Trump and Trumpism Is Finally Here,General,real
Women Describe Horrors They Endured in Assad‚Äôs Prisons,General,real
New York Jets Player Kris Boyd Is Critically Wounded in Shooting,General,real
Trump-Style Candidate Heads to Runoff in Chile‚Äôs Election,General,real
Trump Gives Legs to South Korea‚Äôs Dream for Nuclear-Powered Subs,General,real
NFL broadcaster Cris Collinsworth rips late penalty against Lions as Eagles' defense dominates in win,General,real
Meghan Markle's beige Christmas collection sparks intense backlash after past royal color claims,General,real
"NFL Week 11 scores: Josh Allen's dominance lifts Bills to win, multiple games finish tight",General,real
Kylie Jenner posts nude photos on Instagram weeks after attending sister's birthday trip,General,real
‚ÄòGolden toilet‚Äô scandal: Zelenskyy faces deepest crisis yet as allies accused in $100M wartime scheme,General,real
Broncos take commanding lead of AFC West with win as Chiefs' playoff hopes receive huge hit,General,real
"Charlie Kirk honored in Jerusalem as hundreds gather, including officials, clergy and Christians",General,real
Socialist wave reaches West Coast as Los Angeles Mayor Karen Bass gets a Mamdani-like challenger,General,real
Ex-Giants star Brandon Jacobs sends blunt warning to Jaxson Dart after concussion: 'Learn how to slide',General,real
"Ravens star fools Browns' defense with fake tush push, go-ahead TD run",General,real
Justin Trudeau's ex admits Katy Perry romance 'affects' her emotionally in candid interview,General,real
"NFL official collides with Broncos' Sean Payton, head coach receives penalty",General,real
"'Pawn Stars' Rick Harrison backs Trump on America's deadly fentanyl epidemic, fighting 'terrorist' dealers",General,real
Josh Allen's six touchdowns push Bills past Buccaneers in thriller,General,real
Dolphins star pitches Jerusalem for possible NFL international game,General,real
Eddie Murphy claims Yul Brynner made sexual proposition at his 21st birthday party at Studio 54,General,real
Hunter Biden urges Democrat to 'turn the temperature up' when pressed on extremism,General,real
Chiefs' Travis Kelce has words with Broncos defender during pivotal divisional matchup,General,real
NFL star quarterbacks banged up in Week 11 as players already feeling the pain,General,real
"Unexpected city tops list for stress-free getaways this year, according to new data",General,real
