text,topic
inside ford new world headquarters scratch kitchen rotisserie chicken design secret,Business
government shutdown air traffic controller shortage,Business
trump cut tariff good like coffee banana beef bid slash consumer price,Business
walmart share outgoing ceo doug mcmillons tenure here compare rival,Business
jpmorgan chase win fight fintech firm fee access customer data,Business
walmart ceo doug mcmillon retire january nearly year leading retailer,Business
fewer burrito bargain consumer flash holiday warning sign,Business
billionaire family opt buying sport team collecting art car,Business
dr horton tapping startup ai zoning tool build home,Business
surveillance tech lead worker comp claim plummet nyc construction site,Business
new foreclosure jump october sign distress housing market,Business
boeing defense worker approve new contract ending month strike,Business
disney stock fall medium giant post mixed result,Business
ml game head apple tv season pas subscription end,Business
congressional hemp restriction threaten billion industry sending company scrambling,Business
starbucks worker union launch strike city chain key holiday sale day,Business
sothebys ceo see strong demand ahead billion art auction,Business
verizon chairman mark bertolini say board needed act revive company,Business
startup backed bezos benioff launched trading platform share rental home,Business
ai esg family office expect heir take new path investing,Business
skim valued billion new funding round accelerates store expansion,Business
dot freeze flight cut disruption ease shutdown end,Business
toyota open new u battery plant confirms billion new investment,Business
wnbas la vega ace coach becky hammon say league may need new leadership,Business
share swiss sneaker company soar raise guidance,Business
airline warn flight cancellation continue even shutdown end,Business
real estate titan barry sternlicht say drop employee favor ai,Business
flight disruption shutdown pile trump threatens air traffic controller,Business
disney newest cruise ship destiny getting ready set sail here peek inside,Business
lawmaker push starbucks resume union negotiation,Business
get kidnapped bitcoin,Business
crypto industry billion dirty money,Business
trump tariff push japan economy contraction,Business
matthew belloni yelling iceberg hollywood titanic,Business
pasta twice price italian producer face huge u tariff,Business
got low mortgage rate pandemic cant move,Business
former fed official violated trading rule disclosure show,Business
economist asked much spend avoid ai apocalypse,Business
whats elegant way lie coworkers,Business
college football team short cash sport betting help,Business
hochul urged ban horseshoe crab fishing,Business
lil luv dog launch gooplike beauty brand dog,Business
disney youtube tv end blackout,Business
trump administration lift food tariff effort ease price,Business
fda sharply limit use drug linked two teen death,Business
judge approve purdue pharma bankruptcy releasing billion opioid plaintiff,Business
trump administration scrap cash payment delayed canceled flight,Business
reopened government hasnt ended delay economic data,Business
redbird capital withdraws takeover bid uk telegraph,Business
jpmorgan pay charlie javices legal fee restaurant bill,Business
whats digital passport work,Business
trump turn affordability message amid economic frustration,Business
switzerland reach agreement u cut tariff,Business
stock market rally dented sign worry emerge,Business
deal higher home heating bill,Business
indigenous people take stage cop climate talk belm brazil,Business
palantir market valuable military contractor doesnt make bomb gun,Business
walmart ceo doug mcmillon retire john furner named successor,Business
apple iphone pocket issey miyake confusing design,Business
anthropic say ai agent aided chinese hacking,Business
conservative medium pick epstein story line stick,Business
rfk jr walk tightrope trump deal obesity drug,Business
hollywood starstudded movie failing box office,Business
housing official attacked democrat invokes disputed family legacy,Business
anthropic say chinese hacker used ai online attack,Business
sharon camp mother plan b contraceptive pill dy,Business
escape india air pollution afford,Business
closure transparency harassment victim seek resolution,Business
trump official prepare tariff exemption seeking lower food price,Business
jim avila former abc news correspondent dy,Business
boeing defense worker approve new contract,Business
netflix bringing video game user tv,Business
global climate leadership vacuum,Business
starbucks worker striking dozen store red cup day,Business
war top investor adviser growing,Business
south korean worker return georgia factory u reissue visa,Business
luxury electric vehicle trouble,Business
blackrockbacked roofing conglomerate go bust,Business
man accused running southeast asia scam compound extradited china,Business
trump administration proposes drastic cut housing grant,Business
tiktok came rival ebay global online shopping destination,Business
here whats going trump tariff price supreme court,Business
former fed governor violated central bank trading rule new disclosure show,Business
shutdown nation aviation problem,Business
estate planning kid get equal share,Business
dont call msnbc m take trump washington,Business
trump go defense tariff price everyday item keep rising,Business
wall street bank prepare sell billion dollar x loan,Business
canada provide million canada post avoid insolvency mail service,Business
amazon willing discus quebec shutdown canadian official,Business
target drop dei goal end program boost black supplier,Business
energy utility roundup market talk,Business
basic material roundup market talk,Business
auto transport roundup market talk,Business
financial service roundup market talk,Business
novo nordisk share surge new obesity drug result,Business
eu conditionally approves international paper billion d smith buy,Business
google put warning uk business using fake online review,Business
ericsson share slump earnings hit weakness outside core network business,Business
verizon result boosted higher price gain wireless customer,Business
need escape wildfire ev know,Business
caixabanks cfo see case dealmaking among europe bank,Business
tesla recall car china safety concern,Business
korea zinc share rally adopting new investor protection rule,Business
burberry see positive sign turnaround plan continues,Business
rollsroyce strike contract supply nuclear reactor uk submarine,Business
china weride want build global robotaxi empire,Business
visa lean aienabled payment stablecoins stay ahead game asia,Business
bessent say trump check would need congressional vote,Business
coast guard seized record amount cocaine trump say interdiction failed blowing suspected drug boat,Business
grocery may benefit tariff exemption midterm election get closer analyst say,Business
class american rhodes scholar includes student u military academy,Business
advanced u aircraft carrier arrives caribbean trump add growing fleet warship near venezuela,Business
voter demand affordability stanford economist argues temporary targeted price control supplyside reform,Business
dr oz say discussion extending affordable care act subsidy republican scramble address soaring healthcare cost,Business
ford first new headquarters year showroom like james bond villain lair design chief say,Business
sound whistle chicago neighborhood lead way ice resistance,Business
indiana republican called trump redistricting swatted,Politics
trump break wacky marjorie taylor greene,Politics
indiana redistricting push likely dead despite white house pressure,Politics
win back disillusioned voter playbook podcast,Politics
nevada dems gop battle notaxontips,Politics
seth moulton epstein email venezuela shutdown,Politics
nation cartoonist week politics,Politics
nevada senator spurned party reading room,Politics
seth moulton senate bid venezuela epstein file conversation,Politics
shocking revelation epstein doc,Politics
rahm emanuel considering white house bid urge dems move center crime,Politics
protester un security clash climate summit brazil,Politics
maine democrat drop senate bid battleground house run,Politics
trump built surprising voter coalition one key piece cracked,Politics
utah judge denies goppassed congressional map,Politics
top maryland dems urge state lawmaker join redistricting effort,Politics
complete betrayal democrat slam shutdown deal,Politics
poll here much trump voter would pay tax back policy,Politics
ted cruz accuses gop senator frightened call tucker carlson,Politics
nation cartoonist week politics,Politics
pod save america podcasters host cpac left,Politics
poll here democrat think leader,Politics
free mofongo mamdani dazzle democratic insider san juan,Politics
spanberger make inroad rural republican unhappy trump,Politics
socialist mayor wall street coexist new york find,Politics
sherrill dismisses democratic bedwetter,Politics
mikie sherrill reacts election victory,Politics
trump blame shutdown gop election loss,Politics
democrat didnt rebound dominated,Politics
affordability affordability affordability democrat new winning formula,Politics
trump reversal call house gop vote release epstein file,Politics
msnbc officially rebrands m know,Politics
faa ending flight reduction major u airport,Politics
trump administration withdraw national guard troop chicago portland report,Politics
suozzi bacon pitch aca subsidy extension save people thousand thousand dollar,Politics
louisiana republican say he concerned possible hepatitis b vaccine schedule change,Politics
britt say senate take look k tariff check,Politics
sander seek elevate progressive senate candidate amid democratic divide,Politics
bessent k tariff check would go working family,Politics
murphy say democrat made mistake reopening government without aca subsidy,Politics
u military kill narcoterrorists eastern pacific us gerald ford arrives caribbean,Politics
trump administration willing look option health care oz,Politics
senator surveillance payday expose flawed privacy law,Politics
new york jet cornerback kris boyd shot manhattan source,Politics
massie predicts deluge house republican vote release epstein file,Politics
johnson epstein push democrat entire game plan,Politics
oz trump administration weighing aca subsidy extension,Politics
government reopened congress must protect hiv funding,Politics
white house grapple sell trump agenda,Politics
congress full millionaire raising money becomes job,Politics
greene denies trump told run georgia governor,Politics
khanna say trump losing maga base epstein file,Politics
greene trump remark put life danger,Politics
ban gun marijuana alcohol abuse make sense,Politics
kaine defends schumer minority leader tough,Politics
live update trump greene rift deepens ahead house epstein vote,Politics
u ramp military presence near venezuela,Politics
change coming tax filing season know,Politics
pressure isaacman could get u back moon china,Politics
ken burn new series offer chance reflect contribution john adam,Politics
trump issue new pardon jan rioter,Politics
sixfigure earner feel theyre survival mode poll,Politics
sorry republican democratic socialist longer careerender u politics,Politics
tariff could cause price italianmade pasta surge,Politics
government shutdown hurt military personnel,Politics
canada loses measles elimination status u close behind,Politics
republican clash surprise phone record provision could enrich senator,Politics
majority american disapprove ice operates survey,Politics
michelle obama say u ready woman oval office,Politics
exclusive becerra say investigator didnt inform full case former staff,Politics
border patrol operation start charlotte,Politics
maher troll trump epstein file dump feel like ive seen movie four time,Politics
dulles people mover slow uncomfortable occasionally dangerous washington post,Politics
trump muddle populist message worrying supporter,Politics
fetterman share photo face injury fall hospitalization,Politics
trumpgreene feud intensifies new barb,Politics
sunday show preview epstein file back spotlight trump dismay shutdown impact remain,Politics
labubu movie work sony report,Politics
tariff cause shortage holiday decor,Politics
federal public defender gone without pay since july,Politics
trump admin eye moving convicted election clerk tina peter federal custody,Politics
republican rescue party something good american,Politics
issue center trumpgreene spat,Politics
empire state delusion rent control illusion affordability,Politics
man tied indicted milwaukee judge hannah dugans case deported dhs say,Politics
jen psaki right enough talking point,Politics
whats next house return shutdown fight,Politics
social security cola benefit increase,Politics
senate democrat trump daily panic mode epstein file,Politics
suspect accused breaching alina habbas office custody got,Politics
trump prevent genocide sudan watch,Politics
trump say rino greene betrayed entire republican party,Politics
reverse dumbing american higher ed,Politics
abundance agenda sound like political winner isnt,Politics
greene call new way forward trump pull support,Politics
kinzinger push back greene recent gop criticism really con artist,Politics
new jersey worker classification crackdown could broad impact,Politics
proposal could mean additional social security recipient,Politics
judge bar trump slashing funding university california,Politics
doj investigation berkeley turning point protest sends warning college,Politics
democrat aim shutdown fury senate primary,Politics
reid hoffman responds trump epstein investigation order obvious ploy,Politics
trump mri idea analyzed,Politics
disney youtubetv reach deal restore abc espn streamer,Politics
trump say sort made mind venezuela,Politics
trump say sue bbc b b,Politics
trump pull endorsement greene amid growing rift,Politics
faa eas flight cut percent,Politics
percent young woman want leave u permanently poll,Politics
excbp officer sentenced year prison drug trafficking scheme,Politics
trump cut tariff score product bid lower price,Politics
hegseths southern spear operation pummel narcoterrorists know,Politics
mike waltz paint trump board peace path secure gaza without hamas,Politics
archive release first batch amelia earhart record pledged trump,Politics
hemp industry battle save thc product ban thing know,Politics
bipartisan group senator call release funding lowincome heating immediately,Politics
usda head say everyone snap reapply,Politics
ghislaine maxwell attorney say staffer prison fired email leaked,Politics
hemp thc product could banned congress gummies vapes drink cream,Politics
tennessee democrat suggests tearing trump ballroom gop loses,Politics
ufc fighter reject white house cage match hunger game type fing,Politics
former uva president accuses doj demanding ouster threat funding cut,Politics
coast guard spot russian ship mile hawaii,Politics
bondi put weight sdny behind epstein investigation democrat,Politics
half american oppose caribbean strike poll,Politics
indiana senate gop doesnt vote redistricting dealing blow trump,Politics
trump border czar say catholic church wrong mass deportation,Politics
scarborough trump coalition end exit scene like reagan obama,Politics
national institute health staffer put nondisciplinary leave criticizing nih politicization,Politics
greene trump making huge miscalculation epstein,Politics
trump call house republican vote release epstein file nothing hide,Politics
trump reveals maduro would like talk military option remain table venezuela,Politics
marco rubio say nicols maduros cartel de los sol designated terrorist organization,Politics
speaker lobby happy new year shutdown showdown draw close,Politics
u force kill narcoterrorists eastern pacific lethal strike operation targeting drug network,Politics
zelenskyy move clean ukraine energy sector corruption scandal rock leadership,Politics
sky stake inside uschina race air dominance,Politics
michelle obama say america ready woman president saw past election,Politics
laura loomer tease georgia move president trump say want marjorie taylor greene primaried,Politics
democratic rep brad sherman denies viewing pornography flight viral photo surface online,Politics
border czar tom homan slam catholic church say secure border save life,Politics
sen fetterman share graphic photo heart rhythm scare say doctor put back together,Politics
indiana senate republican reject trumpbacked redistricting push decline meet december,Politics
trump issue fresh pardon jan defendant including woman accused threatening fbi social medium,Politics
trump end shutdown face backlash make surprise epstein move amid chaotic week,Politics
trump give exally greene new nickname dropped endorsement say betrayed entire republican party,Politics
leading senate democrat tell fox news time new leadership schumer face growing pressure,Politics
meet socialist mamdanistyle mayor elected run west coast th largest city,Politics
dems say base rightfully angry leader caving gop shutdown fight porch puppy,Politics
setting stage election signal next year midterm showdown,Politics
fbi arrest suspect attack u attorney alina habbas office,Politics
socialist wave go coasttocoast historic win shake mayoral election,Politics
epa chief wrap national tour critic slam deregulation agenda,Politics
destiny dynasty inside new class political nepo baby vying power,Politics
trump administration stay silent massive ukraine corruption scandal rock zelenskyys inner circle,Politics
kyrsten sinemas decision make democrat senate map tighter,Politics
meet woman steering bidens bipartisan winning streak capitol hill,Politics
cnn political briefing,Politics
axe file david axelrod,Politics
margin error,Politics
notable legal cloud continue hang donald trump,Politics
fine print respect marriage act,Politics
everything need know bidens student loan forgiveness program,Politics
politics day,Politics
intro apr insane,Politics
official avoid credit card interest,Politics
expert best cash back card,Politics
turn rising home equity cash use,Politics
dream big home equity loan,Politics
want cash home best option,Politics
use right card holiday gift save hundred interest,Politics
card charging interest,Politics
get cash back bonus holiday gift buying,Politics
trump administration escalates pressure venezuela,Politics
trump defends tucker carlson nick fuentes interview,Politics
trump say house republican vote release epstein file,Politics
u airport restriction end monday,Politics
latest u strike boat pacific kill southern command say,Politics
marjorie taylor greene back trump stand firm epstein file,Politics
pentagon withdraw national guard troop chicago portland,Politics
epstein email reveal lost new york,Politics
homeland security mission falter amid focus deportation,Politics
make sense law enforcement street,Politics
trump pardon two crime related jan,Politics
gallego pitch demoralized democrat midterm message,Politics
interview white nationalist tucker carlson continues fracture right,Politics
map show latino shifted right snapped back left,Politics
fired scholar big grant favored project inside trump neh,Politics
donald trump end support marjorie taylor greene call wacky,Politics
two officer injured crash protecting jd vances motorcade,Politics
trump say longer support marjorie taylor greene,Politics
danish startup flatpay join club european fintech unicorn track,Technology
beloved sf cat death fuel waymo criticism,Technology
buy pay later expanding fast worry everyone,Technology
nearing end apple tim cook era,Technology
amazon satellite network get rebrand drop affordability pitch,Technology
techcrunch mobility robotaxi expansion really matter,Technology
much ai data center boom powered renewable energy,Technology
jpmorgan doesnt want pay frank founder charlie javices legal bill,Technology
jury say apple owes masimo patent infringement,Technology
disney youtube tv reach deal end blackout,Technology
leaked document shed light much openai pay microsoft,Technology
databricks cofounder argues u must go open source beat china ai,Technology
comprehensive list tech layoff,Technology
chatgpt everything need know aipowered chatbot,Technology
tesla release detailed safety report waymo coceo called data,Technology
oura ring ceramic review colorful glowup,Technology
openai say fixed chatgpts em dash problem,Technology
five people plead guilty helping north korean infiltrate u company remote worker,Technology
boeing carbon emission problem startup charm industrial cleaning,Technology
german court rule google must pay violating antitrust rule price comparison sector,Technology
best organic mattress birch avocado naturepedic,Technology
best action camera tested reviewed,Technology
marshall heston review premium style restrained sound,Technology
best subscription box kid stem book clothes snack,Technology
gene harnessed physic grow living thing,Technology
nordvpn review living name,Technology
gift gym bros best workout gear gym essential,Technology
use google gemini chatgpt organize life scheduled action,Technology
ditched alexa upgraded smart home,Technology
best tv weve reviewed sony samsung lg,Technology
best gift pc gamers headset desk monitor,Technology
best lip balm try tested tough condition,Technology
analog photography beginner guide film camera,Technology
best natural deodorant tested daily use,Technology
best movie amazon prime wireds pick november,Technology
invasive diseasecarrying mosquito spread rocky mountain,Technology
best show amazon prime wireds pick november,Technology
use new ai feature omnifocus power user todo list,Technology
major leak spill chinese hacking contractor tool target,Technology
gear news week steam make home console apple debut pouch iphone,Technology
automated holiday party idea ninja hp sprocket cricut,Technology
u finally get k ev,Technology
doordash promo code november,Technology
best tried tested gift bird lover,Technology
doj issued seizure warrant starlink satellite internet system used scam compound,Technology
black friday expert tip finding best deal,Technology
chinese beverage chain spread across u challenging starbucks dominance,Technology
best early black friday deal wiredtested gear,Technology
favorite webcam marked,Technology
inside multimilliondollar plan make mobile voting happen,Technology
data center resistance arrived,Technology
weightloss drug zepbound tested treatment long covid,Technology
best magsafe phone grip tested reviewed,Technology
maga wanted epstein file theyre ignoring,Technology
best android phone tested reviewed,Technology
best camera accessory phone tripod mics light,Technology
amazon fire tablet tested dont,Technology
whats best hair straightener depends,Technology
razer cobra hyperspeed basic gaming mouse need,Technology
woolroom luxury wooly mattress review supple stinky,Technology
cook turkey outside thanksgiving,Technology
hydroelectric dam really make day longer,Technology
best holiday photo card mixbook vistaprint canva,Technology
window recall worksand whether switch,Technology
best deal real holiday sale,Technology
wont able offload holiday shopping ai agent anytime soon,Technology
airport airline crawling shutdown,Technology
blue apron coupon promo code november,Technology
hungryroot coupon code november,Technology
hellofresh coupon code free meal november,Technology
pay ai wrong,Technology
softbank sell billion stake nvidia pay openai deal,Technology
debt funding ratcheting risk ai boom,Technology
ai journalist newsroom tool,Technology
fraudsters use cryptocurrency atm target victim,Technology
seattle stranger became progressive kingmaker,Technology
data center space ai policy right gemini history mystery,Technology
almost everything nasa escapade mission mar unusual,Technology
apps make love art gallery,Technology
northern light beautiful satellite theyre risky,Technology
russian humanoid robot fall face hyped debut,Technology
solvay belgium creates rare earth deal u,Technology
cybathlon may best braincomputer interface win,Technology
missing un climate meeting american executive,Technology
blue origin scrub launch nasa escapade mission mar,Technology
china resume chip export easing fear global crunch,Technology
evolution rationality chimp process conflicting evidence,Technology
wyoming dinosaur mummy give u new view duckbilled specie,Technology
u may owe trillion refund scotus cancel trump tariff,Technology
twin probe launched toward mar easter egg board,Technology
shutdown end dubious cdc panel get back dismantling vaccine schedule,Technology
two nissan leaf help make regional airport resilient,Technology
fcc bos brendan carr say wont end news distortion probe,Technology
whats like compete longest u offroad rally gps,Technology
three astronaut stuck china space station without safe ride home,Technology
forget agisam altman celebrates chatgpt finally following em dash formatting rule,Technology
world oldest rna extracted ice age woolly mammoth,Technology
dog came wide range size shape long modern breed,Technology
scientist pleaded guilty smuggling fusarium graminearum u,Technology
year later arkanes dishonored still modern stealth classic,Technology
blue origin new glenn rocket came back home taking aim mar,Technology
researcher question anthropic claim aiassisted attack autonomous,Technology
rocket report blue origin stunning success vive le baguette one,Technology
u spy satellite built spacex send signal wrong direction,Technology
flu season look grim hn emerges mutation,Technology
google claim win everyone text scammer lost cloud server,Technology
sander rue rough debut gabriel concussed,Sports
source concern rodgers break left wrist,Sports
eagle make statement shuts goff lion,Sports
mahomes take blame division title hope fade,Sports
draymond confronts fan angel reese chant,Sports
exqb kosar say receive liver transplant,Sports
source naylor mariner reunite year deal,Sports
allen tds draw unreal praise bill,Sports
game blouse bear jab vikes top troll,Sports
eagle roll lion here know week including main takeaway,Sports
connellys favorite game went mean,Sports
sec offered dose playoff football week,Sports
week winner loser allen mccaffrey dominate chase jefferson go quiet,Sports
buzz tucker go buccaneer packer lose jacob ridley season,Sports
projecting tuesday cfp top sooner tide land,Sports
orlando nwsl title defense whats next marta,Sports
mlb offseason grade mariner resign naylor winter first big move,Sports
skaggs court case angel challenge mount,Sports
arsenal bayern marseille lesson learned across europe top league game,Sports
world cup ukraine keep world cup hope alive clinched playoff spot,Sports
reyna take advantage opportunity return usmnt continues unbeaten run,Sports
usmnt player rating reyna impress return,Sports
nfl week fashionable arrival featuring eagle wr devonta smith,Sports
intel could elee flip texas miami making move,Sports
grant breeze second lpga title annika,Sports
whats next makhachev shevchenko star ufc,Sports
draft riser question note wr class stack,Sports
team make playoff simulate rest regular season,Sports
transfer rumor news barcelona bayern man united fight vlahovic,Sports
nfl week overreaction charger verge secondhalf collapse bench jj mccarthy,Sports
nfl week grade josh allen will bill bronco earn b upset win chief,Sports
nfl draft order week dolphin playing qb hunt ram top pick via trade,Sports
bear nahshon wright pay tribute late coach john beam interception one,Sports
ram terrorize sam darnold take control nfc west race seahawks defense lead way,Sports
josh jacob injury update packer running back knee issue expected seasonending,Sports
nwsl championship njny gotham fc washington spirit meet title game,Sports
michael penix jr injury falcon qb evaluated hurting knee leaving game loss panther,Sports
josh naylor resigning mariner fiveyear contract offseasons first major freeagency signing,Sports
steelers jalen ramsey ejected throwing punch jamarr chase accuses bengal wr spitting,Sports
aaron rodgers injury update steelers qb wrist evaluated mason rudolph lead pittsburgh victory,Sports
anthony davis injury update maverick star least additional day calf strain,Sports
nfl week winner loser josh allen play superman bill bengal falcon flop yet,Sports
one knoxville sc top spokane velocity claim first usl league one title club history,Sports
sunday night football prediction odds line start time lion v eagle pick expert roll,Sports
nfl dfs eagle v lion top fanduel draftkings daily fantasy football pick sunday night football,Sports
fantasy football week breakout sean tucker power way monster performance,Sports
lion v eagle nfl player prop sgp selflearning ai back jahmyr gibbs carry snf,Sports
watch eagle v lion tv channel live stream preview snf,Sports
eagle v lion prediction odds line time nfl week sunday night football pick advanced model,Sports
travis kelce set chief record career touchdown scored star tight end pass priest holmes top spot,Sports
shedeur sander make nfl debut former colorado star qb enters dillon gabriel exit concussion,Sports
jaedyn shaw score dramatic lastminute free kick send gotham fc back nwsl championship,Sports
led marta suarez olivia mile tcu announces contender status win nc state,Sports
tomorrow top today purdue poised leap houston return college basketball ranking,Sports
joe burrow injury update bengal qb possible return game there definitive return date,Sports
fifa world cup qualified team portugal clinch spot tournament nigeria miss,Sports
bill wild win buccaneer end final score thats never happened nfl history,Sports
tennessee expected part way db boo carter ongoing issue lead departure vols program,Sports
explaining uclas penn state problem targeting james madison bob chesney coaching carousel,Sports
look ram wearing new midnight mode rivalry uniform week showdown v seahawks,Sports
adam schenk claim first pga tour win amid windy condition bermuda championship,Sports
rory mcilroy win seventh race dubai title matt fitzpatrick claim dp world tour championship,Sports
raven v brown watch nfl week score prediction betting odds sportsbook promos sgp pick,Sports
ram v seahawks watch nfl week betting odds score prediction sportsbook promos sgp pick,Sports
use bet bonus code cbsbet get bonus bet targeting nfl week broncoschiefs brownsravens,Sports
rossi may follow nancy celtic gossip,Sports
spur fringe dutch delight parrotts rise irish hero,Sports
boland say root england player keep quiet,Sports
world cup flix tshisekedi welcome leopard today,Sports
world cup haaland reacts norway qualification,Sports
report barcelona away kit set bring sense nostalgia,Sports
liverpool enter talk sign african superstar,Sports
premier league icon slam critic unfair treatment real madrid talisman hate cant reach,Sports
monday fixture germany netherlands croatia qualifier,Sports
today headline portugal norway hit big win bernabu,Sports
luxembourg dead rubber still matter ni,Sports
nagelsmann confirms talk adeyemi reported illegal weapon possession case,Sports
netherlands v lithuania match preview team news,Sports
still huge thomas frank talk become chelsea manager,Sports
world cup timothy fayulu hero dr congo nigeria,Sports
casemiro man united midfielder make clear loyalty lie,Sports
hoddle coffee tottenham hotspur news link monday november,Sports
bill simmons highlight shai gilgeousalexanders appreciated skill quotyou dont think footwork think himquot,Sports
qualify world cup week,Sports
arsenal injury woe mount ahead bayern clash,Sports
barcelona keeping tab former la masia prodigy amid concern leftback position,Sports
troostekong nigeria elimination difficult day,Sports
nt bos insists real madrid star accept decision amid substitution drama accept respect,Sports
rom battle west ham joshua zirkzee,Sports
kendrick perkins say perfect solution solve nbas allstar woe quotmoney wood make game go goodquot,Sports
world cup draw date start time format qualified,Sports
world cup qualifying playoff draw,Sports
report first baseman josh naylor finalizing year contract mariner,Sports
respect teammate england bos tell jude bellingham unhappy reaction albania,Sports
longhorn daily news texas alum kris boyd stable condition suffering gunshot wound,Sports
duke bounce back wvu loss beating liberty,Sports
oscar discharged hospital heart issue,Sports
atwitter nov commander special team offense come small winning time moment madrid,Sports
lion player furious controversial penalty end loss eagle bleep,Sports
eagle overcome another sluggish offensive performance bat boy snuff lion,Sports
manchester city star man continues strong form help lead norway world cup,Sports
maxey er take harden clipper,Sports
dallas visit minnesota overtime win portland,Sports
golden state face orlando look th straight road win,Sports
memphis face san antonio look end game skid,Sports
free agent tomiyasu still play world cup say japan coach,Sports
northern ireland v luxembourg tv tonight channel kickoff time watch world cup qualifier free,Sports
rom eyeing fabbian frendrup strengthen midfield,Sports
hard channel island player become professional,Sports
haway podcast week brady debut false hope christmas light,Sports
watch canadiens v blue jacket today channel time schedule live stream monday night hockey,Sports
concern creeping barcelona surrounding form defensive duo,Sports
idea part way romano say man utd explore sale app red three year deal,Sports
official another real madrid star leaf national team muscle discomfort,Sports
adam wharton man united target receives public criticism england performance,Sports
last week tonight john oliver pay tribute late jimmy kimmel live bandleader cleto escobedo iii,Entertainment
see dont debut atop korea box office,Entertainment
john oliver launch last week tonight auction including original bob ross painting support public broadcasting,Entertainment
demon slayer infinity castle open china,Entertainment
tom cruise accepts honorary oscar emotional speech governor award making film,Entertainment
walmart serf walton goggins grinch warm black friday,Entertainment
ai drama human loop receives film independent sloan distribution grant enters oscar race exclusive,Entertainment
chess review lea michele reign queen uneven broadway revival,Entertainment
anushka sen launch music career debut single chameleon produced twotime grammy winner ken lewis exclusive,Entertainment
farhan akhtars bahadur make history india defense theater release exclusive,Entertainment
governor award tom cruise finally get oscar current award hopeful turn drove,Entertainment
story director abu bakr shawky say film inspired egyptian dad austrian mother started pen pal world meeting,Entertainment
last samurai standing star junichi okada making netflix series thats mixture squid game shogun,Entertainment
chess theater review lea michele aaron tveit nicholas christopher headline conflicted broadway revival cold war concept musical,Entertainment
governor award arrival ariana grande jennifer lopez star black carpet,Entertainment
demon slayer infinity castle open china lifting cume worldwide,Entertainment
jennifer lawrence say scary waiting audience reaction movie,Entertainment
bravocon biggest moment day,Entertainment
f la vega grand prix complete guide ticket party event viewing experience updating,Entertainment
original naked gun director criticizes liam neesonled reboot everybodys money,Entertainment
sister wife meri brown alleges ex kody brown asked sign nda,Entertainment
summer house star kyle cooke address amanda batula divorce rumor,Entertainment
kim kardashian share bts look bar prep failing legal exam,Entertainment
new york jet player kris boyd hospitalized midtown shooting,Entertainment
glen powell brings ups driver snl year canceled host stint,Entertainment
southern charm madison lecroy involved car crash bravocon,Entertainment
mustsee walmart black friday furniture deal cant miss,Entertainment
secret home alone leave thirsty,Entertainment
quince bag look like bottega yep found,Entertainment
inside serena williams love story alexis ohanian,Entertainment
inside pete davidson pregnant elsie hewitts whirlwind love story,Entertainment
wicked secret dancing life,Entertainment
real story behind teresa giudice joe gorgas reconciliation,Entertainment
jan ravnik return dancing star say,Entertainment
mercedes javid reveals tommy feight stand amid divorce,Entertainment
grey anatomy star james pickens jr share prostate cancer diagnosis,Entertainment
camille grammer epically thanks ex kelsey grammer frasier money,Entertainment
sophie grgoire trudeau reacts justin trudeau katy perry romance,Entertainment
adidas early black friday get samba regularly,Entertainment
rhoslcs lisa barlow slam costars desperate lie,Entertainment
rhonjs melissa gorga share shocking update teresa giudice feud,Entertainment
cardi b hint name new baby stefon diggs,Entertainment
vprs tom sandoval make rare comment ex ariana madix,Entertainment
southern charm austen kroll confirms audrey pratt breakup,Entertainment
diamond gift guide musthave jewelry classic every price point,Entertainment
britney spear hang kim kardashian khloe kardashian,Entertainment
walmart early access beauty deal live,Entertainment
meghan trainors confession boob job weight loss,Entertainment
inside eddie murphy family treewhich includes martin lawrence,Entertainment
kris jenner share personal goal birthday milestone,Entertainment
see dont trick sleeve,Entertainment
running man colman domingo host,Entertainment
nouvelle vague reference explained,Entertainment
today top director issue gen z,Entertainment
sag award change name actor award,Entertainment
death poet andrea gibson get film celebrates life,Entertainment
eddie murphy address snl feud eddie documentary,Entertainment
new movie critic talking week,Entertainment
homayoun ershadi dy kite runner taste cherry star,Entertainment
leslie odom jr back room happens,Entertainment
elizabeth franz versatile tonywinning actress dead,Entertainment
five international movie stream,Entertainment
come see good light sweetness terminal diagnosis,Entertainment
jonas christmas movie review come ye faithful,Entertainment
sofia coppola honored moma benefit elle fanning bill murray david letterman,Entertainment
running man review glen powell play life,Entertainment
nouvelle vague review richard linklaters ode breathless,Entertainment
viridiana luis buuels revenge,Entertainment
thing kill review tragedy turn surreal,Entertainment
rebuilding review life buck,Entertainment
see dont review magic gathering,Entertainment
keeper review get cant get,Entertainment
king ivory review oklahoma turn gangland,Entertainment
carpenter son review first temptation christ,Entertainment
bunny review right thing,Entertainment
eddie review eddie murphy look back,Entertainment
arco review technicolor apocalypse,Entertainment
sally kirkland scenestealing actress dy,Entertainment
hollywood bowl name stage john williams,Entertainment
pope leo share favorite movie ahead vatican event,Entertainment
brawling drama take fight oscar,Entertainment
tatsuya nakadai japanese star known ran classic dy,Entertainment
aidan zamiri directing timothe chalamet charli xcx today hottest star,Entertainment
rsv hospitalization rate senior time higher usual point season,Health
covid booster could keep thousand kid hospital uptake remains low,Health
experimental therapy gantenerumab fails slow improve alzheimers memory loss clinical trial,Health
u get grade rising preterm birth rate new report find,Health
desperate heart surgery baby family feel effect pediatric hospital shortage,Health
fuzzy first photo black hole get sharp makeover,Health
paper airplane break world distance record,Health
bat fossil could fill piece evolutionary puzzle,Health
long use vintage tupperware,Health
nightmare stop,Health
guide finding right theragun massage gun,Health
activewear brand add workout wardrobe,Health
best coupon cv pharmacy,Health
planet getting hotter fast happens body extreme heat,Health
medication abortion like according doctor,Health
cool without ac,Health
benefit body doubling adhd according expert,Health
think cant focus long youre right,Health
know there sexual attraction partner according therapist,Health
wheelchair hearing aid yes disabled way,Health
infant formula company tied botulism outbreak known problem,Health
bird flu ravaged world largest elephant seal population study find,Health
scientist grow hopeful ending global organ shortage,Health
fda name agency veteran run drug division,Health
young woman grappling old man disease,Health
overlooked sabina spielrein visionary lost freud jung,Health
arline bronzaft campaigned quieter city dy,Health
unemployment take toll mental health,Health
antidepressant teen sexual development,Health
infant formula recall expands botulism outbreak grows,Health
nolan williams stimulated brain treat depression dy,Health
parent child autism easy answer,Health
fda remove black box warning hormone treatment menopause,Health
nasa european partner set launch sentinelb earth satellite,Science
thing know nasa new u european sea satellite,Science
nasa set launch coverage international ocean tracking mission,Science
mapping dark matter,Science
nasa glenn team win rd award,Science
hubble study star age colorful galaxy,Science
nasa blue origin launch two spacecraft study mar solar wind,Science
curiosity blog sol spooky earth today,Science
curiosity blog sol searching answer monte grande,Science
curiosity blog sol drill boxwork unit go,Science
watch leonids meteor shower reach peak,Science
blue origin land booster rocket launch match spacexs feat,Science
dog bc amazingly diverse,Science
lost sister pleiades fill entire night sky,Science
many people die india hot weather nobody really know,Science
trump administration revoke biden ban drilling mining alaska wilderness,Science
greenhouse gas emission head record global carbon project report,Science
see northern light wednesday,Science
visiting leiden canal charm without crowd amsterdam,Science
northern light bring dazzling view northeast u across canada possible tonight,Science
there new forecast peak oil demand increasingly cloudy,Science
newsom spotlight climate conference trump decided skip,Science
trump said propose opening california coast oil drilling,Science
sea creature fossil show color rainbow,Science
cop belm brazil chinese technology shifting climate politics,Science
everyone want meet world boring man,Science
scientist create trillion degree particle soup mimic universe big bang,Science
life expectancy type diabetes varies dramatically nation,Science
amelia earhart record released u spy agency,Science
scientist unearth mysterious meteorite crater china,Science
man tickborne meat allergy dy eating burger,Science
sun continues celestial firework display powerful solar flare,Science
new glenn rocket launch test jared isaacmans commercial space vision nasa,Science
woolly mammoth unlocks reveals world oldest rna,Science
stranded chinese astronaut return earth space junk threat remain,Science
raccoon showing early sign domestication,Science
global study reveals best city walking cycling,Science
name galaxy knew existed,Science
new kind vaccine offer hope surviving pancreatic cancer,Science
blue origin nasa launch mar shot across bow elon musk spacex,Science
turkey risk bird flu thanksgiving,Science
dog skull analysis rewrite evolution humanity best friend,Science
jeffrey epstein email reveal tie prominent scientist,Science
godfather ai break major science research record,Science
cause cancer maud slye thought answer way stop,Science
chinese expedition reveals unexplored section mysterious arctic ocean ridge,Science
scientist might soon predict ocean rogue wave,Science
cia kryptos puzzle creator release final clue,Science
heat wave less extreme paris climate agreement,Science
epsteinbarr virus may cause lupus,Science
iea predicts oil gas demand rise beyond departing previous forecast,Science
northern light dazzle u sky powerful solar storm,Science
identify prime number without computer,Science
talking ai version loved one help grieve,Science
powerful solar storm could trigger farreaching aurora across u,Science
learning another language may slow brain aging huge new study find,Science
china stranded astronaut safefor get home,Science
world largest wind turbine smash previous record,Science
canada lost measlesfree status u could soon follow,Science
fda strip breast cancer warning menopause hormone therapy,Science
space place earth next evolutionary leap,Science
everyone schizophrenia hears voice here,Science
mathematician chalkboard writing show inspiration strike,Science
exploring food texture taste perception kendra pierrelouis,Science
ai slophow every medium revolution breed rubbish art,Science
rubin observatory discovers surprise tail iconic galaxy,Science
james watson codiscoverer dna structure dead age,Science
early arctic cold snap could break decadesold temperature record,Science
china stranded astronaut show danger space junk,Science
faa flight reduction plan mean safety cancellation,Science
world largest spider web discovered bizarre sulfur cave,Science
milky way warped,Science
tom zeller jr migraine research gender bias cultural stigma headache,Science
study suggests covid pandemic may aged everyones brain,Science
two vaquita calf offer flicker hope endangered porpoise earth,Science
ai decodes visual brain activityand writes caption,Science
british church putting faith heat pump,Science
physic northern light,Science
u build data center here go,Science
first radio signal comet iatlas end debate nature,Science
mysterious math behind brazilian butt lift,Science
hidden math ocean wave,Science
geneediting therapy cut cholesterol level half,Science
trump hatred ev making gas car expensive,Science
unpicking measure complexity knot,Science
follow trajectory comet iatlas,Science
blood test alzheimers,Science
new type opioid killing people u europe australia,Science
new lightbased cancer treatment kill tumor cell spare healthy one,Science
watch leonids meteor shower,Science
physicist create thermometer measuring quantumness,Science
onair claim dominion voting system false fox news acknowledges statement deal announced,General
dominion still pending lawsuit election denier rudy giuliani sidney powell,General
specific fox broadcast tweet dominion say defamatory,General
judge fox newsdominion defamation trial party resolved case,General
difficult say straight face tapper reacts fox news statement settlement,General
million u could face massive consequence unless mccarthy navigate debt trap set biden,General
white homeowner accused shooting black teen rang doorbell turn face criminal charge,General
newly released video show scene jeremy renners snowplow accident,General
jake gyllenhaal jamie lee curtis spent covid lockdown together,General
toddler crawl white house fence prompt secret service response,General
jamie foxx remains hospitalized nearly week medical complication,General
yearold dy participating benadryl tiktok challenge,General
see pizza delivery guy take suspect fleeing police,General
netflix winding dvd business year,General
ftc chair lina khan warns ai could turbocharge fraud scam,General
eating much food driving rise type diabetes study say,General
adhd medication abuse school wakeup call,General
apple ceo presented original macintosh see reaction,General
democrat bash justice clarence thomas plan investigate ethic allegation unclear,General
russia going backwards equipment deploying post wwiiera tank according western official,General
two russian claiming former wagner commander admit killing child civilian ukraine,General
stomach hurting laughing hear panelist reaction desantis threat disney,General
gop prepared block vote replace feinstein senate judiciary,General
oklahoma governor call official resign recording racist threatening remark,General
mccarthy slam biden handling u debt,General
u warns russia touch american nuclear technology ukrainian nuclear plant,General
repeated gunshot fired live tv exlawmaker shot assassin,General
fda clear way additional bivalent booster certain vulnerable individual,General
maine authority detained person interest people found dead home others shot driving,General
southwest say flight resumed delay caused tech issue,General
damar hamlin cleared resume football activity january cardiac arrest,General
pilot make history landing top story hotel,General
top u navy admiral defends nonbinary sailor amid republican criticism,General
fulton county da say fake trump elector incriminating one another want lawyer disqualified,General
high speed train racing across world america,General
podcast one country musician calling artist oppose assault rifle,General
here need know havent filed return yet even,General
undocumented immigrant paying tax today,General
opinion millionaire like u want pay tax,General
world longest purposebuilt cycling tunnel open norway,General
artist reject photo prize aigenerated image win award,General
ship disappeared lake superior century ago watch theyre found,General
erotic image senior show sex intimacy new light,General
china economy solid start rising q,General
even wife make much husband still home,General
mcdonalds upgrading burger,General
googleparent stock drop fear could lose search market share aipowered rival,General
bidet save money reduce waste tested best option,General
product make life easier planet cleaner,General
mother day around corner thoughtful gift shell love,General
headtotoe guide men dress spring shop,General
useful travel product buy amazon,General
best highyield saving account april,General
tax due tomorrow here file extension,General
composting easy way reduce food waste here,General
stopped using aluminum foil cooking here use instead,General
beloved dyson supersonic hair dryer lowest price ever,General
everything need know way day wayfairs biggest sale year,General
best amazon deal shop week,General
mifepristone saved life,General
presidential alternative many voter want,General
isnt house judiciary committee looking thomas,General
top secret come spilling,General
sudan go casting despotic rule,General
michelle yeoh set return new star trek movie,General
recap succession find dark humor aftershock,General
yellowjackets lean hard music nostalgia,General
jeremy renner revisits amazing group people helped recover accident,General
review barry take whack farewell season,General
u border patrol arrested people charlotte nc,General
new international student enrollment plummeted fall survey find,General
catholic church trump immigration crackdown take center stage,General
friend say suspect louvre heist tried leave rough past behind,General
pill womens libido meet cultural moment,General
brutal mississippi jail inmate say enlisted enforcer,General
new orleans elect exonerated man calvin duncan criminal court clerk,General
shared symbol jihad taliban defy old tie pakistan,General
ken burn win american revolution,General
carter anderson jean gigantic internet fame,General
saudi leader looking inward come washington,General
christian answer trump trumpism finally,General
woman describe horror endured assads prison,General
new york jet player kris boyd critically wounded shooting,General
trumpstyle candidate head runoff chile election,General
trump give leg south korea dream nuclearpowered sub,General
nfl broadcaster cris collinsworth rip late penalty lion eagle defense dominates win,General
meghan markles beige christmas collection spark intense backlash past royal color claim,General
nfl week score josh allen dominance lift bill win multiple game finish tight,General
kylie jenner post nude photo instagram week attending sister birthday trip,General
golden toilet scandal zelenskyy face deepest crisis yet ally accused wartime scheme,General
bronco take commanding lead afc west win chief playoff hope receive huge hit,General
charlie kirk honored jerusalem hundred gather including official clergy christian,General
socialist wave reach west coast los angeles mayor karen bass get mamdanilike challenger,General
exgiants star brandon jacob sends blunt warning jaxson dart concussion learn slide,General
raven star fool brown defense fake tush push goahead td run,General
justin trudeaus ex admits katy perry romance affect emotionally candid interview,General
nfl official collides bronco sean payton head coach receives penalty,General
pawn star rick harrison back trump america deadly fentanyl epidemic fighting terrorist dealer,General
josh allen six touchdown push bill past buccaneer thriller,General
dolphin star pitch jerusalem possible nfl international game,General
eddie murphy claim yul brynner made sexual proposition st birthday party studio,General
hunter biden urge democrat turn temperature pressed extremism,General
chief travis kelce word bronco defender pivotal divisional matchup,General
nfl star quarterback banged week player already feeling pain,General
unexpected city top list stressfree getaway year according new data,General
